segmento,inicio_s,fim_s,texto
1,0.0,7.18,"Você tá sendo completamente cancelado no Twitter, mano, eu não fiz absolutamente nada pra isso, o negócio tá bizarro, tá bizarro, mano"
2,7.18,11.38,"A única coisa que eu fiz foi dar RT nesse post aqui dessa comunível azul daqui, mano"
3,11.38,15.88,"Tipo assim, essa merda aqui é uma mulher, tá bom, mulher mestre, mano, sei lá, sem PDL"
4,15.88,22.64,"E quer falar sobre o chove, quer falar sobre a build do chove, sendo que, tipo assim, mano, tu é mestre de 50 PDL, mano, tu não sai porra nenhuma"
5,22.64,25.26,"Quer falar do chove azul, dá o de RT, né?"
6,25.26,28.42,"Tipo assim, o que realmente me pegou"
7,28.42,29.72,"Não foi nem isso aqui, tá bom"
8,29.72,31.92,Ela comentar sobre o Chovy sendo um mestre
9,31.92,34.06,"Tipo assim, horrível, uma mulher mestre"
10,34.06,34.74,Podre de ruim
11,34.74,38.3,"Eu vi que o comentário tinha um bando de webigar defendendo essa coisa aqui, mano"
12,38.3,40.58,"Chega a ser, mano, completamente anormal, tá bom"
13,40.58,41.94,"Os comentários, tem gente"
14,41.94,44.04,"É isso aí, tá certo, é, o Chovy tá errado"
15,44.04,46.3,"Mano, isso aqui é mestre zudo, cara"
16,46.3,48.42,"Podre, horripilante, asqueroso, tá bom"
17,48.42,50.0,Aí eu vi os
18,50.0,51.94,Bando de webigar defendendo isso aqui
19,51.94,53.74,"E comentando, falando que ela tá certa"
20,53.74,55.44,"E eu dei IT, mano"
21,55.44,57.16,"Pra quem eu fui fazer isso, tá bom?"
22,57.26,59.24,"Tô sendo completamente demolido, tá bom?"
23,59.6,61.9,"Ainda bem que eu sou um alfa e o meu nome é de budista, beleza?"
24,62.06,64.94,"Mas sério, eu tô com 50 milhares de morte aqui na MDM, mano"
25,64.94,66.08,"Fudeu, o bagulho tá louco"
26,66.08,66.9,Aí eu comentei
27,66.9,69.34,"Mano, imagina você ser mestre do Brasil e da mulher"
28,69.34,70.42,"Tá bom, aqui eu me passei"
29,70.42,71.76,"Aqui eu realmente me passei, beleza?"
30,72.3,73.18,Aqui eu me passei mesmo
31,73.18,76.4,"É, quer falar da build do chove que é facilmente top 3 players do mundo, né?"
32,76.54,77.08,Comentei assim
33,77.08,78.6,Aí eu comentei embaixo
34,78.6,83.3,"Pô, é a mesma coisa que você jogar, por exemplo, no campeonato de futebol do Piauí"
35,83.3,85.12,Campeonato de bairro no Piauí
36,85.12,87.34,E querer falar e querer ensinar um conceito
37,87.34,89.14,"Para um jogador do Real Madrid, é basicamente isso"
38,89.14,91.08,"Mano, eu comentei isso aqui e chegou simplesmente"
39,91.08,93.3,"Um exército de webigado, um exército, mano"
40,93.3,94.8,"Olha isso aqui, mano, olha isso aqui"
41,94.8,97.14,"Me xingando sem parar, me ameaçando de morte"
42,97.14,99.42,Marcando a minha conta para o Riot banir
43,99.42,101.1,"Ainda baniu minha conta, ainda é possível, me fudi"
44,101.1,103.2,"E ela me respondeu, beleza Josué"
45,103.2,105.42,Vamos fingir que você já conquistou alguma coisa na vida
46,105.42,107.3,"Além de esgosto para sua mamãe, olha isso aqui, mano"
47,107.3,109.12,"Eu só falei que ele é mestre, eu falei tipo assim, mano"
48,109.12,111.02,"Você é mestre, você não poderia falar"
49,111.02,113.28,"Da build top 3 player do mundo que é o Chovy, né"
50,113.28,116.24,"Tá bom, mas ela foi lá e começou a atacar meu pessoal, mano"
51,116.24,116.66,Olha isso aqui
52,116.66,118.56,"Chegou um exército e é brigado aqui, exército"
53,118.56,119.18,Chegou o cara da...
54,119.18,120.3,"Mano, esse..."
55,120.3,121.08,LoL de grife aqui
56,121.08,122.24,"Esse LoL de gado aqui, mano"
57,122.24,122.78,"O cara, sei lá"
58,122.78,123.68,"O cara, ele..."
59,123.68,125.9,"O cara foi encontrado na bacilaria de São Paulo, entendeu?"
60,126.0,126.76,Aí tem o olho puxado
61,126.76,128.34,E foi contratado aí pra ser...
62,128.34,129.4,"Pra ser profissional da LoL, tá bom?"
63,129.62,130.9,Vai perder 50 títulos aí
64,130.9,131.58,Vai pegar porra nenhuma
65,131.58,132.74,Vai perder todos os campeonatos
66,132.74,134.1,Depois vai ser demitido aí
67,134.1,134.94,Mas foi contratado
68,134.94,135.54,Tem o olho puxado
69,135.54,136.14,E é assim que funciona
70,136.14,137.58,Então aqui ele postou uma conta
71,137.58,138.7,Que eu tava julgando a conta MES
72,138.7,140.1,"Que nem minha é, basicamente"
73,140.1,141.42,"Aí eu falei, mano, essa"
74,141.42,143.54,"Aí, beleza, isso aqui pegou também"
75,143.54,145.26,"Eu falei assim, seu QI de"
76,145.26,147.88,"Ó, eu falei QI de macaco, mas sabe como é que é o Twitter, né"
77,147.88,149.62,"Meu Deus, não é racista, meu Deus"
78,149.62,152.16,"Ele usou o termo QI de macaco, não pode usar isso"
79,152.16,154.14,"Deixei bem claro ainda, QI de macaco, tá bom"
80,154.14,156.06,"Posta minha real conta, Kevin e Mono"
81,156.06,157.78,"Aí eu postei isso aqui, chegou o Couticil"
82,157.78,159.24,"Marcando o Riotti, entendeu"
83,159.24,161.1,"Maninho a porra da minha conta, mano"
84,161.1,163.22,"É completamente bizonho o que virou o Twitter, entendeu"
85,163.22,165.12,Eu falo simplesmente um fato
86,165.12,167.24,Que LoL Mestre não sabe de porra nenhuma do jogo
87,167.24,169.24,"Mas como é mulher, vai vir o Ezé"
88,169.24,171.4,"de abigado, né? Como é mulher. É como isso aí,"
89,171.46,173.26,mano. Aí... Aí eu postei
90,173.26,174.6,"isso aí e o negócio ficou muito louco, né?"
91,175.1,176.5,Eu só vi um exército de abigado aqui.
92,177.12,179.12,"Tá meio cara de queijo macaco, tá meio escatiltor."
93,179.22,180.98,"Ela me xingou. Meu pessoal, tá bom? Ela falou"
94,180.98,183.14,"que eu sou uma falha humana, xingou até minha mãe."
95,183.38,184.7,Só porque eu chamei de mestre.
96,185.26,187.22,"Aí, beleza. Eu sou um monte de gente me xingando"
97,187.22,189.06,"aqui, tá bom? Não foi você, pô, mãe da"
98,189.06,191.18,"mãe ao vivo. Chegou, mano."
99,192.02,193.06,"Chegou a galera do bem aqui,"
100,193.14,194.74,"do Twitter e tudo aqui, mano, tá bom?"
101,194.74,196.68,"Tem que ser mano caçadinho, nunca falha. Aí, beleza."
102,196.9,198.86,"Ela xingou minha mãe. Ela xingou, basicamente,"
103,199.24,201.44,"a minha mãe aqui, por causa de um post"
104,201.44,203.32,"que eu chamei de mestre. Aí eu falei, aí"
105,203.32,205.18,"tá bom. Tranquilo, tranquilo."
106,205.46,207.36,"Depois, novamente, ela foi aqui e me xingou"
107,207.36,209.12,"de novo, beleza? Me chamam de"
108,209.12,211.28,"Hitler Capixaba, tá bom? Não basta"
109,211.28,213.06,aquilo. Ela começou a me chamar de Hitler Capixaba
110,213.06,215.36,só porque de vez em quando eu faço uns piador
111,215.36,217.24,"aqui em live, um pouco mais de humor negro, mas"
112,217.24,219.22,"os caras são viadinho aí. Os caras são viadinho,"
113,219.3,221.36,como é de logo viadinho. Muitos só tem viado nessa merda
114,221.36,223.26,"aqui. E os caras chutam um pouco isso, tá bom?"
115,223.58,224.92,"As pessoas chamam de Hitler Capixaba,"
116,225.02,226.82,"sabe como é que é, né? Xinguei,"
117,227.08,229.1,"falei que mulher é mestre, acabou. Os caras"
118,229.1,231.6,"Começa a me xingar de nazista, racista"
119,231.6,233.42,"Homofóbico, tudo que existe"
120,233.42,235.64,"Super, mega, hip, estrema, direita"
121,235.64,236.52,Tudo que existe
122,236.52,238.92,Só porque eu falei que é mulher mestre
123,238.92,240.98,"Eu falei assim, mano, olha o que dessa coisa"
124,240.98,243.1,Eu não ser um viadinho
125,243.1,244.8,Não me faz ser homofóbico e nazista
126,244.8,246.48,Agora volta a ficar postando foto
127,246.48,249.04,E dando em cima de própria web puta do cenário
128,249.04,250.88,"Tive que me defender, ela escalou o nível ali"
129,250.88,251.98,Tive que escalar o nível também
130,251.98,254.24,"Mano, tipo assim, sabe o bizarro disso aqui tudo?"
131,254.34,256.26,"Que essa coisa aqui, ela foi bustada um tempo atrás"
132,256.26,258.56,Ela foi bustada pelo web
133,258.56,259.66,"Namoradinho dela, tá bom?"
134,259.86,261.88,"Eu puse aqui, mano, me defendi"
135,261.88,263.78,"Falei assim, mano, a única coisa que tu fez na sua vida"
136,263.78,265.52,"Foi dar, eu não vou falar aqui"
137,265.52,267.18,E ser bustada aí pelo
138,267.18,269.22,"Zacão, que é o namoradinho dela, entendeu?"
139,269.8,270.94,"Aí, beleza, tranquilo"
140,270.94,274.1,"Comecei a me defender aqui, beleza"
141,274.1,275.2,"Mas, mano"
142,275.2,278.08,"O bagulho escalou ainda mais, que chegou um riote"
143,278.08,279.4,Que eu mostrei já e abriu minha conta
144,279.4,281.6,Eu literalmente perdi minha conta com mais de 1.200 PDL
145,281.6,283.48,"Por quê? Mano, por quê eu fui falar"
146,283.48,285.76,"Faz o Twitter, cara, eu tinha que ser um NPC"
147,285.76,287.68,"que nem um enorme, assim, ah, isso aí é, mulher"
148,287.68,289.88,"de cinquenta e quatro meses falando sobre build, tá ligado?"
149,290.2,291.86,"Eu, mano, meu Deus, deve tá muito certo aqui,"
150,291.94,293.4,"deve entender demais do game aqui, mano."
151,293.8,295.82,"Deveria ser um webigado, que nem os outros caras aí, que não ia me fuder"
152,295.82,298.0,"tanto. Mano, e o bagulho foi piorando"
153,298.0,299.6,"ainda mais, cara, que chegou o nível."
154,300.04,301.72,"Os caras começaram a me assar de morte, assim, mano,"
155,301.94,303.84,"no público, assim, pegando, tipo assim, cem mil"
156,303.84,305.9,"views, assim, o cara me assando de morte. E a mulher,"
157,306.06,307.78,"tá, mulher, olha, o que que essa coisa"
158,307.78,309.3,"vai fazer comigo, em encontrar na rua?"
159,309.58,311.86,"Pagar um boquete pra mim? Ah, não, pior piada,"
160,311.94,313.86,"calma aí, isso é uma ironia. Calma aí, isso foi"
161,315.76,317.48,"sabe de onde esse cara é,"
162,317.76,319.86,"os lugares que ele vai e tal, pra gente dar um jeito"
163,319.86,321.8,"nele. Olha isso aqui, mano. Eu deveria,"
164,321.84,323.28,"mano, eu deveria morrer, tá ligado?"
165,323.54,325.24,"Por falar que uma... Isso aqui é ironia, tá?"
166,325.52,327.6,"Por falar que mulher é mestre, né? De acordo"
167,327.6,329.48,com os caras do Twitter Azul daqui.
168,329.68,331.72,"Tá o Azul, sei lá, o cara é grande da comunidade,"
169,331.86,333.8,"faz conteúdo e tudo, ele só fala uns absurdos"
170,333.8,335.76,assim atrás de tela e foda-se. Eu não falo
171,335.76,337.18,"um absurdo, que eu falo que é uma verdade, tá bom?"
172,337.34,339.8,Que ninguém tem coragem de falar. Os caras
173,339.8,341.78,"olham... Mano, no fundo, todo mundo"
174,341.78,343.66,que joga essa merda aqui sabe. 50 por outro
175,343.66,345.12,"mestre, mulher, falando de LOL, mano."
176,345.76,347.08,"Não quero ser machista aqui, entendeu?"
177,347.24,348.6,"Mas, mano, não rola."
178,349.44,350.6,Não tem como defender.
179,350.72,351.72,"50 é pro outro mestre, entendeu?"
180,352.36,353.4,Não é nem questão de ser machista.
181,353.5,355.1,A questão é de ser 50 é pro outro mestre.
182,355.8,356.4,Isso aqui é ridículo.
183,356.96,360.16,"Tinha que ter negócio fã do RedBest, mano."
184,360.42,362.26,"Cara, imagina você namorar uma pessoa, tá ligado?"
185,362.28,363.9,Você namora uma pessoa e ela coloca...
186,363.9,367.02,"Mano, olha essa merda."
187,367.16,368.64,"Imagina você namorar uma pessoa, tá bom?"
188,368.64,370.98,"Essa aqui deve ser uma obesa do Twitter, uma obesa."
189,371.5,374.16,"Você namora uma pessoa e a pessoa coloca fã do RedBest, tá bom?"
190,374.16,376.38,"Outro negócio no Twitter, cara"
191,376.38,377.98,Olha o quão bizarro isso aqui é
192,377.98,380.88,Tá ameaçando ali e chegou um monte de gente defendendo ela
193,380.88,383.06,Isso que chega a ser bizarro
194,383.06,385.18,"Passou um monte de gente defendendo ela aqui ainda, mano"
195,385.18,386.42,"Olha isso aqui, mano"
196,386.42,387.62,É loucura isso aqui
197,387.62,389.06,Leitinho tomou um apavoro
198,389.06,391.86,Essas pragas só são valentes atrás da internet e do PC
199,391.86,394.78,Maluco tá cometendo crime atrás de crime na internet
200,394.78,396.88,E tem um bando de imbecil curtindo e defendendo essa porra
201,396.88,397.4,Meu Deus!
202,397.96,400.64,Chamar mulher de mestre no LOL e falar que ela não sabe nada do LOL
203,400.64,402.64,"Do game é crime, não sabia, mano"
204,402.64,405.36,"Eu acho que eu pego 100 anos aqui no Código Penal Brasileiro, hein, mano"
205,405.36,406.56,O bagulho ficou louco
206,406.56,407.36,"Vai ter que chamar, mano"
207,407.36,408.2,Os... os...
208,408.2,409.1,"É cinco estrelas, tá?"
209,409.16,409.7,Cinco estrelas
210,409.7,410.36,"Vai vir, mano"
211,410.36,411.8,"A Federal aqui em casa, tá bom?"
212,412.08,413.38,"Helicóptero, tanque de guerra, acabou"
213,413.38,414.3,Eu sou... eu sou...
214,414.3,415.68,Agora eu virei o criminoso
215,415.68,416.36,Eu virei o criminoso agora
216,416.36,417.02,Não tô sabendo
217,417.02,418.2,O bagulho ficou louco
218,418.2,418.68,Olha isso aqui
219,418.68,420.14,Esse goji não sai de casa
220,420.14,421.9,Ele sabe que se for reconhecido na rua
221,421.9,422.66,Ele vira história
222,422.66,424.22,"Sim, eu devo ser morto se alguém me reconhecer na rua"
223,424.22,424.66,Caralho!
224,425.02,426.16,"Meu Deus, vou ser o Yoki, mano"
225,426.16,426.84,"Meu Deus, tô, mano"
226,426.84,427.72,Tenho a mais...
227,427.72,431.14,"Tu é mais procurado que o comandante do CV, tá ligado?"
228,431.46,432.94,"Não, os caras devem pensar que eu sou tipo assim, mano."
229,433.02,435.4,"O novo Pablo Escobar brasileiro, assim, procurado, né?"
230,435.98,438.98,"Porque eu falo verdade no LOL, no Twitter, né?"
231,439.02,439.82,"Deve ser isso, então."
232,440.12,441.7,"Cara, esse negócio é muito bizarro, mano."
233,442.08,443.58,Ele deve ter processo nas costas.
234,443.68,444.2,Eu tô bom pro senhor.
235,444.24,445.18,"Pro senhor por nenhuma, tá bom?"
236,445.38,445.98,Pro senhor por nenhuma.
237,446.1,448.4,"Os caras arrumam o CPF, eu não completo dele."
238,448.46,449.24,"Olha isso aqui, mano."
239,449.38,450.22,"Ih, fudeu, rapaziada."
240,450.62,453.18,"Se por acaso eu abrir live amanhã, saiba que eu fui encontrado, beleza?"
241,453.18,455.12,"Pela tropinha do Tuto e Tezu, tá bom?"
242,455.12,457.56,"Cara, eu prefiro entrar na maré"
243,457.56,458.82,"Do comando vermelho, tá bom?"
244,458.94,460.12,"Não conhecer ninguém lá, entra lá"
245,460.12,462.82,"Do que, mano, do que encontrar esses caras na rua, tá bom?"
246,463.16,464.86,"Eu vou ser fuzilado, eu vou ser fuzilado"
247,464.86,465.66,"O negócio tá louco, mano"
248,465.66,467.74,"Olha isso aqui, mano"
249,467.74,470.12,"Não, e depois, olha, esse comentário foi"
250,470.12,471.82,"Mano, esse comentário foi certeiro"
251,471.82,474.22,Depois os caras falam que eu que espalho a hate
252,474.22,475.62,"Pior que é true, mano, não fiz nada aqui"
253,475.62,477.02,"Entendeu? Agora, rapaziada"
254,477.02,480.58,"Vou ficar aqui, mano, no meu bambuzal escondido, tá bom?"
255,480.62,482.52,"Se eu sair pra rua eu posso ser morto, tá bom?"
256,482.98,483.3,Morto
257,483.3,484.92,"Pela galera do Twitter, tá bom?"
258,484.92,487.36,Júria Leona
259,487.36,489.44,"Fã do RedBet, eu prefiro ser fã, sei lá"
260,489.44,491.62,"Do Mussolino do que ser fã do RedBet, cara"
261,491.62,493.8,"Olha essa, mano, quem que é fã do RedBet"
262,493.8,495.24,"Cara, RedBet, cara, é um beijo"
263,495.24,497.32,"Olha o nível que chegou isso aqui, olha o nível"
264,497.32,499.18,"Mano, e é isso aí, tá, é literalmente"
265,499.18,501.8,Isso aqui é apenas uma ameaça que eu tô mostrando
266,501.8,503.4,"Tá, tem tipo assim, centenas, centenas"
267,503.4,505.5,"É isso aí, né, já sabe, né"
268,505.5,507.32,"Se eu não abrir lá aí nos próximos dias aí, sabe que eu fui"
269,507.32,509.38,Contrado e eu fui dessa aqui
270,509.38,511.4,"Pra melhor, beleza, é, os caras vão matar"
271,511.4,512.8,"Eu do Twitter, o bagulho tá louco, mano"
272,512.8,515.14,"Mano, os caras em vez de ficar preocupado com o negócio de, mano"
273,515.14,517.3,"Dos criminosos, comando vermelho, sei lá, do PCC"
274,517.3,518.96,"Não, os caras ficam preocupados comigo aqui"
275,518.96,520.14,"No League of Legends aqui, mano"
276,520.14,523.0,"Mano, olha os comentários dessa comunidade pife"
277,523.0,524.32,Que é a comunidade de viadinho de League
278,524.32,527.24,"O cara censurou meu nome como se eu fosse o Hitler, tá ligado?"
279,527.42,529.1,"Mano, olha isso aqui, o cara censurou meu nome"
280,529.1,530.68,"Como se eu fosse o Baldemort, mano"
281,530.68,531.62,Que porra é essa?
282,531.86,534.94,"Mano, o cara levou em banho minha conta porque censurou meu nome aqui ainda, cara"
283,534.94,537.42,Olha os comentários dessa comunidade de viadinho
284,537.42,538.38,"Que é do League, mano"
285,538.38,540.02,Só porque eu falei que a mulher é mestre
286,540.02,541.96,Se tem um cara que é podre como esse ser
287,541.96,544.68,"E ó, que puta que pariu, o cara pertence aos subúrbios"
288,544.68,546.58,Mais ignóbeis da sociedade
289,546.58,547.28,"Olha isso aqui, mano"
290,547.28,550.0,"Mano, que negócio louco, mano, pelo amor de Deus, mano"
291,550.0,551.98,Que post mais machista imbecil
292,551.98,554.8,"Eu sou machista agora, falei que a mulher é mestre, eu sou machista, mano"
293,554.8,556.46,Sempre mando caçadinha
294,556.46,557.18,"Olha isso aqui, mano"
295,557.18,559.56,"Cara, olha isso aqui, mano, os caras chamam eu"
296,559.56,562.64,"Ah, meu Deus, cara, eu virei em céu agora, eu virei em céu, mano"
297,562.64,564.22,Que a minha mulher de mestre virei em céu
298,564.22,566.46,Todo mãe caçadinha e mestre guinotina
299,566.46,567.88,"Sim, eu mesmo peguei de morte, mano"
300,567.88,570.22,Tá ligado? Eu mesmo peguei de morte agora
301,570.22,571.98,"Mano, meu Deus, cara"
302,571.98,573.36,"Que negócio louco, mano"
303,573.36,575.54,"Mas tá aí, né, eu não volto atrás, tá bom"
304,575.54,578.18,"Não me arrepio de nada que eu falei, eu só falei pelas verdades"
305,578.18,579.96,Ser xingado por um bando de devs
306,579.96,581.84,"É o preço de pagar, tá bom, por ser um alfa aí"
307,581.84,583.64,"Por falar verdades, é o preço de pagar"
308,583.64,585.92,"Por ser uma pessoa sensata aí, tá bom"
309,585.92,588.12,"Ele era no meu chip, ok"
310,588.12,589.94,Parece que a ideia é pegaria
311,589.94,590.88,"A balinha, mano"
312,590.88,596.95,"Vai ter que flechar, mano, ou você flecha aqui"
313,596.95,598.27,"Parece que você foi, né"
314,598.27,599.93,"Nossa, uau"
315,599.93,601.93,"Big play, uau"
316,601.93,604.93,"E aí, full chase, nossa"
317,604.93,606.57,"Já flechou, tá bom"
318,606.57,611.3,Deixa eu dar meu beijo aqui
319,611.3,614.02,Tô pensando se era mentira
320,614.02,625.28,"Ele não morreu, cara, que tiltante, mano"
321,625.28,626.78,"Ninguém morre, cara"
322,626.78,630.45,"Ah, esse cara aqui é perfeito mesmo"
323,630.45,631.97,"Aqui, mano"
324,631.97,634.75,"Minha cara não vai vir aqui não, mano"
325,634.75,636.03,"Minha cara, meu beijão vai"
326,636.03,638.81,"Não vai vir aqui, foi meio close"
327,638.81,639.33,"Isso aqui, mano"
328,639.33,645.26,"Nossa, foi aqui o Pyrelle, eu percebi isso aqui agora, hein, mano, close"
329,645.26,651.25,Mas vai ter que vir aqui e me dar uma moralzuda
330,651.25,653.05,"aqui, mano. Essa aqui"
331,653.05,654.77,"com esse blue deu uma pegada, meu tipo, exuda."
332,655.93,656.21,Ok.
333,658.85,660.11,"Estupro, meu tipo, ok."
334,668.3,670.1,Até essa dar a volta aqui. Ela já puxou
335,670.1,670.84,a wave aqui.
336,673.04,674.3,Já deu merda a jeta.
337,674.72,683.46,"Ah, que eu morri aqui ainda, cara!"
338,683.74,685.54,"Ai, meu Deus, que demora pra vir, mano!"
339,685.6,688.06,"Meu Deus, cara! Ai, que demora"
340,688.06,689.4,"pra vir, mano! Ok, tá bom."
341,690.68,691.88,Pelo menos eu morri como eu morri antes.
342,691.88,694.16,"Se eu estacar aqui, meu lacrime negro, eu ia perder uma wave inteira aqui."
343,695.2,696.18,"Mas não foi tão ruim assim, não."
344,699.52,700.52,Eu peguei meu level 6
345,700.52,726.02,mais close cadê a porra do meu level 6 mano oh ok oh a gente só ganha aqui se pá mano
346,726.02,732.0,peguei duas kills foda-se vamos porque tem game vamo negudos vamo três kills luta boa
347,732.0,741.43,rapaziada boa peguei duas kills nós tem da l game essa de l game ok calma aí ô neguixa
348,741.43,755.2,calma aí que que é isso velho tem da 5 filha cara que que é isso acho que ela morre aqui
349,755.2,762.22,Teve um pouco de sorte
350,762.22,764.06,Ela vai dar a big
351,764.06,765.18,"Vai ser a barricada, mano"
352,765.18,767.28,Ela tem flash
353,767.28,769.2,Eu acho que eu morri
354,769.2,774.17,"Caraca, mano, tem uma nico aqui"
355,774.17,776.99,Eu acho que eu não peguei aquela barricada
356,776.99,777.51,"Ainda, mano"
357,777.51,787.92,"Caralho, cara"
358,787.92,788.76,"Beleza, ela morreu"
359,788.76,792.8,"Que legal isso aqui, mano"
360,792.8,794.74,"Ficou bem até, mano"
361,794.74,807.97,É uma kill só mesmo
362,807.97,814.94,Títio dos macaquinhos de castelo mandou 2 reais
363,814.94,816.56,Neguinho do Títio
364,816.56,818.04,Não vai querer a skin mesmo?
365,818.58,819.18,Tem certeza?
366,819.76,821.34,O Títio não vai te machucar
367,821.34,823.7,Já dei 30 roblox pro neguinho do Davizinho
368,823.7,825.06,E ele tá todo felizinho
369,825.06,828.24,O neguinho tem as mauzinhas lisa e agora falta você macaco
370,828.24,830.06,Avisa quando a negra for trabalhar
371,830.06,832.28,Se você chamar minha mãe de negra
372,832.28,833.42,"Mais uma vez, salgadeira"
373,833.42,835.28,"Eu vou dar banho pra você pedir agir, não tô usando mais, mano"
374,835.28,836.96,Já tá avisado já
375,836.96,838.56,"Caraca, meu Deus, não tô aprendendo nem pôde"
376,838.56,851.71,barbado cara que isso não é muito ruim vou carregar esse que dá 6 em fudeu não
377,851.71,870.68,procurou também a lógica é liguei no casadinho que brotep é isso da mesma
378,870.68,877.38,técnica de casa na reta da reta do louco mas ele ganhou o atendimento da puta e
379,877.38,881.02,fala que se meteu que é difícil para meter difícil de medir aquele game lá
380,881.02,881.3,Entendeu?
381,882.0,882.4,Morri
382,882.4,883.86,Não
383,883.86,885.46,"Nossa, eu vou dar B"
384,885.46,889.12,"Nossa, o Pidit tá de novo na minha lane, cara"
385,889.12,889.58,Calma
386,889.58,891.58,"Não tenho mais 10 anos, cara"
387,891.58,891.94,Calma
388,891.94,898.24,Nós temos um dragão aqui
389,898.24,899.04,Meu Deus
390,899.04,901.18,"Caraca, meu Deus, mano"
391,901.18,902.28,"Eu tive um susto, cara"
392,902.28,903.5,"Pô, você é a vida isso aqui"
393,903.5,904.18,"Eu trolei, mano"
394,904.18,906.3,"Em defender minha torre, mano"
395,906.3,908.64,"Pô, trolei demais aqui, mano"
396,908.64,911.3,"Não atravessa a parede tomando de caçadinho, mano"
397,911.3,914.62,"É, pelo visto eu tenho 10 anos sim"
398,914.62,915.46,"Pelo visto, né?"
399,916.68,917.98,"Eu queria saber o que tava dando bem ali, mano."
400,918.0,918.56,Achei estranho.
401,918.6,919.64,"Tinha um ar de lixo, será, mano?"
402,919.68,920.22,Comprar lente.
403,926.65,927.91,"Nossa senhora, hein, cara."
404,928.01,928.61,Que que é isso?
405,928.87,929.15,Ok.
406,932.04,934.22,"Bom, os antes não param de molestar meu top lane."
407,934.22,938.22,Mas o lado positivo é que o...
408,938.22,939.32,"Deixa eu pensar aqui, mano."
409,940.34,941.66,"Meu bot tá vencendo, pelo menos."
410,943.08,943.9,"É isso aí, mano."
411,944.3,950.72,"Ah, xD!"
412,951.1,952.48,"É isso aí, eu morri no ar, mano."
413,953.02,953.7,"Porra, mano."
414,953.76,955.02,Nem fodendo que ela matou aqui.
415,955.04,955.66,"Ela flechou, né?"
416,955.66,958.4,"Nossa, os neguinhos, todo mundo tem flash, mano"
417,958.4,959.86,Eu tenho que sair daqui
418,959.86,962.8,Se eu for reto lá no
419,962.8,964.56,O que tá acontecendo lá
420,964.56,965.58,Eu tô rinqueando aqui
421,965.58,968.52,Tá ficando bem forte esse Gnar
422,968.52,972.16,"Ele morreu aqui não, mano?"
423,979.04,980.08,"Acho que ele morreu aqui, né?"
424,980.14,986.89,"Dantesudo, Dantesudo"
425,986.89,989.91,"50k mensal, xd"
426,989.91,993.86,"50k mensal, play, xd"
427,993.86,996.0,Vai usar filtro pra ficar branco também?
428,996.0,997.76,"Sim, vou usar o filtro da preta na mar"
429,997.76,1005.0,"Nossa senhora, hein, mano"
430,1005.0,1006.6,"Quanto negro tem na minha lane, cara"
431,1006.6,1008.04,"Fica muito estuprado, hein, mano"
432,1008.04,1017.27,"Vai, ô bando de estuprados burros"
433,1017.27,1021.22,"Nossa, eu estupro"
434,1021.22,1024.24,"Eu estupro todo mundo, sai da reta"
435,1024.24,1026.58,"Eu caço novo estuprador, eu falo, mano"
436,1026.58,1028.04,"É pra isso que eu admiro, não, podres"
437,1028.04,1029.82,"Tá louco, mano"
438,1029.82,1031.54,Ok
439,1031.54,1035.2,"Ela morreu aqui, ela tá sem flash, né"
440,1035.2,1039.48,Ela tá metida
441,1039.48,1045.16,Surpresa
442,1045.82,1046.78,"Meu Deus, cara."
443,1046.82,1047.84,"Que o Dara demente, cara."
444,1047.88,1048.52,"Meu Deus, mano."
445,1048.92,1049.6,Tem negativo.
446,1049.7,1049.96,Acabou.
447,1050.56,1052.64,"Cara, eu vou querer fightar com a estacadaça aqui."
448,1053.0,1060.12,"Perda aqui pra todo mundo, hein, mano."
449,1070.26,1070.94,"Ok, hein."
450,1071.46,1073.76,Só faz esse dragãozudo aqui e dá pra atacar.
451,1076.2,1077.28,"Mano, ele perdeu o T2?"
452,1077.42,1077.98,"Será, mano?"
453,1077.98,1078.38,É possível.
454,1078.52,1079.36,"Ele perdeu o T2, na real."
455,1081.1,1081.86,"T2 sim, mano."
456,1082.22,1082.8,Perda pra eles.
457,1083.46,1084.12,Deu merda azul.
458,1084.96,1086.36,"Calma, entendi já que ele deu B."
459,1086.44,1086.84,"Calma, negocio."
460,1086.88,1087.08,Calma.
461,1087.4,1087.76,Entendi já.
462,1087.78,1088.32,"Não sou cego, não."
463,1093.75,1095.59,Agora é pra nós tacar...
464,1095.59,1097.07,"É, a Star tá atacando"
465,1097.07,1103.46,"Morrer aqui eu vou ficar louco, mano"
466,1103.46,1106.44,"Calma, mano, que isso? Calma, velho"
467,1106.44,1107.18,"Calma, mano"
468,1107.18,1109.3,O que que é isso? What the fuck?
469,1112.43,1113.35,Tá BTP aqui
470,1113.35,1117.49,"Vai pensar que eu sou uma sona, mano? Eu louco"
471,1117.49,1121.19,"Nossa, era só ser meu BTP, deguchos"
472,1121.19,1127.62,"Chegando a fase do PD, chegamos"
473,1127.62,1129.16,"Vou fechar minha mejé aqui, mano"
474,1129.16,1132.68,"Como dizia o quarto plano, algum resto aqui eu devo pegar, né?"
475,1145.93,1147.09,"Caraca, mano, tô sem mana"
476,1147.09,1148.15,"Cara, o que que eu fiz, mano?"
477,1148.15,1149.33,"Só ver ele aqui, mano"
478,1149.33,1178.83,da penta aqui o equilíbrio só está no ar para mano tá tá eu pensando liga passei o áudio não
479,1178.83,1234.17,vi mano tá bom tá bom dois por dois e dois vai ser deles né ok eu mei jai também ok ok
480,1234.17,1241.25,eu sei que você viu que aí é da puta fiz a puta de podres para que game mano faz
481,1241.25,1256.64,essa alma cara eu quero pensar uma aqui em provisão de aqui e só nem você
482,1256.64,1283.66,e aí daí sai daí a btp tem um btp sul ou esperava aí o negudo nossa calmo calmo
483,1283.66,1300.01,da btp aqui olha isso aqui carai tchau a de cara meu deus mano tchau rapaz eu
484,1300.01,1308.34,eu não sabia disso eu tava de lente será nossa favela e mantém uma desuda mano esse meu cacete
485,1308.34,1314.92,é muito mas nossa nem posso falar a palavra os que estão favelando cara eu tô de caçadinho da
486,1314.92,1324.24,frente é isso aqui mano acabou o jogo cara e bando de nós quebrou demais é isso que eu
487,1325.14,1356.71,eu posso na paz só acabou o jogo isso aí você não dá btp aqui ó o cara ok esse game acabou
488,1356.71,1360.51,"Caraca, tem que entrar mó de **** pra ganhar a game essa conta, cara."
489,1360.63,1362.03,"Peguei na fé do PD, chegamos."
490,1362.49,1363.47,Deu ser molequeado pra cantar.
491,1374.31,1374.67,Ok.
492,1381.38,1382.36,"Tá bom, acabou o jogo."
493,1382.56,1382.88,Ufa.
494,1385.47,1386.37,"Você tá louco, mano."
495,1387.63,1388.43,"Caraca, você tá louco."
496,1390.47,1391.65,"Tá bom, tá bom, safe."
497,1392.03,1393.27,"Sai da ré, sai da terra azul, tá?"
498,1395.45,1396.23,Quanto é as 20?
499,1396.29,1397.43,"Duas 20, duas 12."
500,1397.93,1399.03,Vou dar todos no gel de hoje.
