comment_id,videoId,publishedAt,isReply,likeCount,n_matches,categorias,termos_encontrados,text
025dde0129fd180842c95d2580380620e1409f47,Cyai8_m_ZQ8,2026-09-01 18:26:44,1,0,1,racial_interseccional,macaquinhos,"morro dos macaquinhos é um lugar no rj, nn foi piada"
6732e3475555a9e76ec7c896ba008d6ccb3c07ea,Cyai8_m_ZQ8,2026-03-12 21:15:30,0,3,1,sexual_degradante,sodomizado,"Completamente sodomizado por piada e ainda batem palma pro cancelamento. Sua história lembra a do chief da xbox mil grau, ele demorou mas deu a volta por cima, voce tbm dara"
92f253754535d1fd16613bec44289bc11d2f725d,Cyai8_m_ZQ8,2026-02-15 05:26:50,0,0,1,body_shaming,ob3sinh@s,"é so as ob3sinh@s dando hate no yiok, goat não tem jeito"
b31b2def86ec684a81b2e90cdd083c7621f67dbb,Cyai8_m_ZQ8,2026-01-14 14:21:53,0,0,1,homofobia_misoginia,paneleiro,"Que ironia em negrilson, a marmita de paneleiro te atacou kkkkkk"
cc943755ade3b25503d76c2939e97c426ed32cbe,Cyai8_m_ZQ8,2025-11-29 12:01:12,0,2,1,racial_interseccional,macaquinhos,1:53 só falou que é mestre né? Esqueceu de falar sobre macaquinhos da favela do rio de janeiro né? NAO CONSEGUE NEM FALAR O QUE DIGITOU COVAAARDEEEEE
37c98846810b8e70eb26f6a8387f99f7db5c1eae,Cyai8_m_ZQ8,2025-11-25 14:35:46,0,0,1,gamer_misogino,gado,webs gado kkkkkkkkkkkk
e2eb8bafd583ea1034e5d1515cc9e37108faa80e,Cyai8_m_ZQ8,2025-11-23 04:37:30,0,0,1,xingamentos_genero,putas,imagina pessoas ficarem putas por conta de league of legends KKKKKKKKKKKKKKKKKKKKKKKKKKKKKKK tmnc
0536831b6c1d09f5c47d39e6e8498d07573887b7,Cyai8_m_ZQ8,2025-11-23 20:11:01,1,0,1,racial_interseccional,daku,Melhor q tu com essa cara de daku
87aabe2d4d23e7c350e41edec601b27bfdd5cd82,Cyai8_m_ZQ8,2025-11-21 13:02:45,0,0,2,xingamentos_genero; gamer_misogino,piranha; gados,Imagina esses gados defendendo essa piranha
08613bec0794da6d0cc3f7967ea0e1e1969705c7,Cyai8_m_ZQ8,2025-11-21 07:16:23,0,6,1,racial_interseccional,macaco,"""É basicamente isso"" tirando a parte da misoginia e da parte que chama os cariocas de macaco 😅"
cc887ed4e7a92feaec95fd79ad20d43369a49748,Cyai8_m_ZQ8,2025-11-21 05:23:28,0,0,1,xingamentos_genero,putones,"o video do putones falando q tu esconde opiniao nas piadas, maluco, onde ja se viu um nego sergipano naz KKKKKKKKKKKKKKKKKKKKKKKKKKKKKKKKKKKKKKKKKK os cara tem monkey IQ"
38764a8634cd15a2501113e4dbfd6d758a9b4f4b,Cyai8_m_ZQ8,2025-11-21 03:48:45,0,0,1,body_shaming,baleia,A estrwpada do Twitter mestre 50 pdl boostada quer vim falar da baleia mecânica kkkkkkkkkkkkkkkkkk
8173e7fc4906a0f23bbc6d5d6d90121890f68d4a,Cyai8_m_ZQ8,2025-11-20 22:26:55,0,0,2,gamer_misogino; genitalia_feminina,bct; egirl,"essa turminha colorida pula até da ponte pra defender muié kkkkkkkkkk, tudo isso pq o cara falou umas verdades pra egirl boostada... será que os lacaios lambedores de salto vão receber alguma migalha de bct depois disso?? kkkkkkkkkkkk"
1e566bc64b193eef0c6af293c64abb837d8037b1,Cyai8_m_ZQ8,2025-11-20 22:22:19,0,0,1,racial_interseccional,macaquinhos,kkkkkkkkkkkkkk pessoal n ta ligado que favela dos macaquinhos e o morro dos macacos no RJ em vila isabel.
89e1908e3f91974af32516332fab12b484545699,Cyai8_m_ZQ8,2025-11-20 22:42:30,1,2,1,racial_interseccional,macaco,"desde quando mestre 50 pontos é high elo kkkkkkkkkkkkkkkkkkkk se eu treina um macaco a jogar , em 2 semanas ele passa de 50 pontos ."
afef965c7a6b8bac92da4862f957f7f86a1c3037,Cyai8_m_ZQ8,2025-11-20 21:27:48,0,3,1,sexual_degradante,caralho,"poh man, eu n to do lado dela e mt menos do teu(ainda bem q tomou ban), ma vc ta se passando para caralho tbm né, vc falou que ela xingou sua mãe ? em que momento parceiro ela xingou sua mãe, de fato ela TE xingou, mas é pq olha o jeito que vc fala tlgd. acho bem feito vc ter tomado ban. vc podia ter mt bem interagido igual um ser humano invés de ficar tweetando assim"
c1feb8c0d6d93a51d553530bdc181bc379c29d4f,Cyai8_m_ZQ8,2025-11-21 15:22:25,1,0,1,gamer_misogino,gados,"@8c2138ece46098f43276827df7174d3237e21865 Tipo claramente ninguém xingou a mãe dele e o próprio yoki sabe disso, oque ela falou é bait pra você vir aqui fala o óbvio e dar dinheiro pra esse desempregado kkkkkkkkkkkkkkk, mas cá entre nois ele não exagerou quando falou dos gados kkkkkkk"
1283e4283fb8a03802f13b0d17f757f2e3389063,Cyai8_m_ZQ8,2025-11-21 20:03:53,1,1,1,gamer_misogino,gado,a marmita usou o gado como escudo
c039cdc7e4bd3b23bfeb9d4d655921f840143067,Cyai8_m_ZQ8,2025-11-20 21:07:38,0,2,1,body_shaming,gordas,"Negão começa a falar ""Alerta de humor"" antes sempre que for falar merda evita motivo pra gordas."
45ae8f703b27a05d84204a766014549a02f02b73,slhtOG9uSmQ,2025-11-13 00:23:40,0,13,1,racial_interseccional,neguinho,"Prende esse editor num porão, escraviza o cara sla, mas n deixa ele parar editar pra vc não neguinho, até parece que vc é bom quando eu vejo esses vídeos"
3178012d34e42298d5805d0f1b7f25dcdd66ef58,cyk1wQGe3tE,2025-11-06 01:26:19,0,11,1,xingamentos_genero,putasso,Kassadin = Lázaro Talon= BOPE putasso subindo o morro Se fosse mais branco escapava
6ebf3eb3d81b94b6ed545c119ea19e5525cc6c90,w4wrS-f4oFo,2025-11-04 01:16:32,0,5,1,racial_interseccional,neguinho,"Neguinho tem que ser bom no lol, se n passa fome"
872f2941bb20b7d1d0774cf9a87e56edffd26aae,w4wrS-f4oFo,2025-11-06 03:36:16,1,0,1,xingamentos_genero,vagabundo,"@5bf8b2bca9ddc441ab4187a5b1168e1ba6db7bb9 Vagabundo perde a linha, apenas"
d673bef5ccfdbf23c8bfbeb500f3d1c58aef1753,hlf8CuBXMws,2025-10-29 22:36:09,0,0,1,racial_interseccional,neguinho,"até duas semanas atras tu n tinha uma conta fora do mestre neguinho, para de se passar ""visita"" tu é o porteiro do low mestre"
01a481bdd627c2e06b8ab37a148d706a8d1b68df,ct2DIjWG4uM,2025-10-24 04:44:14,0,0,1,racial_interseccional,neguinho,"agora tem ate neguinho no chall, o mundo ta diversificado mesmo!"
1baea7a15eaf295886271cc2e3594b49d7e089da,ct2DIjWG4uM,2025-10-23 19:11:08,0,1,1,body_shaming,baleia,BALEIA MECÂNICA PAGOU QUANTO PRA TE TIRAREM DO MESTRE NEGUXO ??
d9241d9d7df43d6fb1f1c644902119a00638254c,NlMxSXvoztk,2025-10-23 17:11:46,1,1,1,xingamentos_genero,puta,puta
ae6c9ba497c724e67cfcc9687096b1adcac45330,PGFU_utw5qg,2025-10-23 16:21:38,0,0,1,racial_interseccional,neguinho,ATE QUE VC E BOM NEGUINHO
b0d7fb85f023872398b3a41bbf6a1cf7cba45e33,PGFU_utw5qg,2025-10-22 17:27:07,0,9,1,body_shaming,baleia,COMO DE COSTUME EDITOR SENDO PROTAGONISTA PRA DEIXAR AS PLAYS DA BALEIA PARDA ASSISTIVEIS ❤⚡⚡
6ba30b557726c97c239c608f192c2c8f442822cc,SeRNWYWd7V4,2025-10-15 01:22:28,0,21,1,racial_interseccional,neguinho,esse tresh ativou as memórias ancestrais do nosso neguinho
5617c5bfbc7d544df021afecf1c1f310480806f8,SBT6DCNR4BY,2025-10-13 19:36:28,0,37,2,body_shaming,gorda; baleia,"Obra artística audiovisual incrível, realmente 100% originalidade e amor pelo trabalho de edição de vídeo obrigado editor por ser tão bom e salvar esse escremento humano da baleia gorda do ES, 🗿🍷"
672b2525d30a01272575dc44b9a01ec69c29b294,SBT6DCNR4BY,2025-11-18 21:27:16,0,4,1,sexual_degradante,caralho,Caralho q mlk esquisito
d584dd4e2fa0864c959a760a55ef761b4682e333,SBT6DCNR4BY,2025-10-17 22:10:00,0,0,1,sexual_degradante,caralho,caralho to confuso pra kct monte de yiok falando
313b3eb9cab125c1e65e39318001514e235ce8d1,SBT6DCNR4BY,2025-10-13 23:01:08,0,0,1,xingamentos_genero,vagabundo,cade a live vagabundo?
7e25734d74c5513509c92bea170b37160ff3a678,SBT6DCNR4BY,2025-10-13 21:33:38,0,1,1,gamer_misogino,egirl,o cara ta reagindo a ele se auto reagindo reagindo a uma egirl pqp e o melhor do youtubezudo
689bed616799453e637ee7c97eee6c1495f9e318,SBT6DCNR4BY,2025-10-13 20:02:00,0,0,1,gamer_misogino,gado,"anao seu conguitos, para de ser gado, MULHER NAO DA XP."
7771cc34cb9b2eea5e87f1526539ba8daceff3a0,SBT6DCNR4BY,2025-10-13 19:24:09,0,29,2,xingamentos_genero; sexual_degradante,puta; caralho,"Caralho general, incrivel vídeo é um vod vendo uma vod vendo sua vod e pra completar a cereja do bolo tem uma musica de fundo puta merda muito bom"
05d55b2817988bbf0a83aec6a19ca125d582d712,F7XtKG59y4Q,2025-10-11 22:32:56,0,7,1,body_shaming,baleia,correu igual um sigma e morreu pra um brilhozinho lgbt piada essa baleia mecanica
356177657b3a8a592ab9f4dadd203174c38965f7,6l1hMZZ_3ms,2025-09-27 12:32:33,1,2,1,body_shaming,baleia,"Vai segurando nossa baleia mecânica, melhor Kassadin de Sergipe"
e2caad8b54d25f25f972d0dcc540814b6346e6d7,6l1hMZZ_3ms,2025-09-27 11:42:45,0,5,1,racial_interseccional,neguinho,imagina ganhar 50k por mes pra ser estudado por um neguinho de sergipe
1e0fe5de38772c6d5b6ef4586c856829418bde7e,9sFGyNdtN8Y,2025-09-26 01:32:49,0,4,1,racial_interseccional,neguinho,"videozudo com titulo falso, o neguinho do top e do mid foram carregados pelo velkoz do reichzudo"
a8158adcf848414e94b79da7d422c1c639a020f2,9sFGyNdtN8Y,2025-09-26 01:02:24,0,0,1,racial_interseccional,neguinho,a unica coisa q ce carrega é os saco de farinha da quesia neguinho maldito
e9a5ecf6d58f2a4a6a0fd71dea1010832a34d5b0,_8W2fSnL1vY,2025-10-29 10:20:58,1,0,1,body_shaming,baleia,"@1f76266fd7468e44780d2490b32961783329ac5d nem ele mesmo deve saber, deve fazer muitos anos q a baleia mecanica olha pra baixo e nao ve nada alem de gordura"
5e1d20f182185cece1dd8fb90f96b1aeecc43d01,_8W2fSnL1vY,2025-09-26 08:35:37,0,0,1,body_shaming,baleia,"Falem oque quiser do gordoao, mas ngm joga de Kassadin como esse mlk, Nice vídeo baleia"
977d0b4e8b0ea0ebaacfb7f17d3b0c2ef34c669c,nmPCfoxku2k,2025-09-20 14:23:43,0,0,1,body_shaming,baleia,"Yiok não é o melhor kassadin nem de sergipe quem dirá do mundo… Zoas gordão, pra cima deles baleia"
6a9cef7b3ac357313f61e15217f2a1336e5cbb80,0sD6xl3EFbo,2026-08-01 18:44:51,1,0,1,sexual_degradante,caralho,"Qq deu? Vi que ele foi banido e foi brutalmente molestado pela comunidade, mas o mano joga pra caralho"
a3cd6e51068cd7ecd5291fdcd44510b109b9956f,0sD6xl3EFbo,2025-09-19 02:37:13,0,2,1,sexual_degradante,caralho,"Caralho mano, tava amando jogar com ele atualmente, e seu video caiu bem que só, fiquei jogando e vendo no outro monitor, GUIA PERFEITO!"
6d0d9d27f3b6eb913b3fc9530c1e08459d880f93,0sD6xl3EFbo,2025-09-17 10:25:21,0,0,1,racial_interseccional,neguinho,parece um neguinho falando
9c811978fbb6374ec929bd8b3775967d94fda4fc,0sD6xl3EFbo,2025-09-16 19:08:58,0,4,1,sexual_degradante,pica,"vídeo ficou estranhamente bom, tava esperando faz tempo esse guia, ficou pica🙏🙏"
0b2464164bc550aa0b1c09ed033d5d08a9ffd57d,0sD6xl3EFbo,2025-09-16 12:36:01,0,0,1,sexual_degradante,caralho,Caralho o editor conseguiu fazer ficar didático KKKKKKKKKKKK
8031ef32a99c38056cb306a661f0d0dbeb435832,0sD6xl3EFbo,2025-09-16 03:17:33,1,0,1,body_shaming,baleia,como se esse fosse os piores vicios de linguagem do baleia preta
2b981625c60df39475aa745002366043fe726841,92KeIj8hsOE,2025-09-06 12:03:01,0,7,1,body_shaming,gorda,"Yiok chamando a mina de gorda, sendo que ele pesa 1945 quilos"
ebdf0b32d7ead7e026b82870f1359d6bf2618b41,xJExphI2SRU,2025-09-05 20:44:55,0,2,1,xingamentos_genero,putinho,"Reclamar e ameaçar um cara que faz PIADA, realmente soluciona o problema Man. Eu acho bizarro esse povo que reclama assim, o YIOK claramente é um personagem, não faz sentido você ser na**sta no Brasil, se TODOS que nascem na América do Sul são latinos, então eles seriam caçados. Não faz nem sentido E os cara não entende isso e fica putinho pq o cara faz piada. Como se apoiada fosse o causador do problema A piada só existe porque o problema existe, se não. Não existiria piada, bizarro(escrevi um comentário maior que minha redação do Enem, pra falar algo q poderia ser resumido em 4 linhas, bizarro)"
a41359c6ec638d80ba0283b4ad276215b7ccdf67,xJExphI2SRU,2025-09-05 03:57:33,0,0,2,xingamentos_genero; sexual_degradante,puta; caralho,"Fala igual gente filho da puta, caralho mano que bizarro, n é possivel que vc se olha no espelho e tem orgulho de saber que vc fala igual um fudido com tudo zudo no final de cada palavra ta doido"
5739ee53dcdf61558cfd0aef39602c94e15aaaf1,xJExphI2SRU,2025-09-04 00:34:02,0,4,1,racial_interseccional,neguinho,00:39 OLHA O NEGUINHO PAUSADO OLHANDO IGUAL O CONGUITOS KKLKKKKKKKKKKKKKKKKKK
6168783cf54e05fb4ca80ca2f464ab7a5bb40525,DjhpGJAZBi8,2025-09-03 02:38:43,0,0,1,body_shaming,baleia,"nao da pra te entender pretumbo, vc faz um video pra nao buildar roa, e vc vai la e faz, smt baleia"
af6012b99859e3b2867c3609ad8b45f88b5f9cef,DjhpGJAZBi8,2025-09-03 01:57:00,0,2,1,racial_interseccional,neguinho,"Live de pretinho, vídeo de neguinho ❤❤❤❤"
2cb9be4f312eee53d2d42ef74dd12dd70f5f54a9,VvTJJ6u9n8Y,2026-08-20 06:00:43,0,0,1,sexual_degradante,caralho,caralho essse video é muito bomm kkkkkkkkkkkkkkkkkkkkkkkkkkkkkkkkkkkkkkkkkkkkkkkkkkkkkkkkk
fefcafea56b2cf9cd39c28e08aa1f25a8e3ea9de,S8zUa3KSBj8,2025-08-31 11:30:21,0,2,1,xingamentos_genero,puto,Ficou tão puto que virou roceiro
d9f89cb0b4f69cfc7e412cf66f19bc1d1cd34379,r8C57BD7aDc,2025-08-29 19:37:03,0,1,1,sexual_degradante,caralho,caralho da até dor física ver esse cara jogando
ca55fce79a30f10c1bf419c928605b608c69b44b,r8C57BD7aDc,2025-08-29 03:38:49,0,0,1,sexual_degradante,caralho,caralho a foto de perfil dele ameiii qro comer esse boyzin :3
