video_id,segmento,inicio_s,fim_s,texto
xJExphI2SRU,1,0.0,5.92,"O Mukalão te enfapou pra caralho nesse Omegle zudo, na moral, isso é sério, bora ver então, bora ver então, vou dar o play zudo aqui então, mano"
xJExphI2SRU,2,5.92,9.3,"Ele chegou até te ameaçar, caralho, que isso, mano"
xJExphI2SRU,3,9.3,11.52,"Aí, aí deu merda, deu merda então"
xJExphI2SRU,4,11.52,15.24,"Ô louco, é nóis, é nóis, que isso, tamo juntasso"
xJExphI2SRU,5,15.24,20.36,"Ô louco, mano, tamo juntasso, é o mano que apareceu no vídeo zudo, mano, salve zudo pra você, tá bom, é nóis aí"
xJExphI2SRU,6,20.36,22.38,"Tamo junto, tamo junto, mano, é nóis, que isso"
xJExphI2SRU,7,22.38,25.34,"Ô louco, é nóis, é nóis, tamo juntasso"
xJExphI2SRU,8,25.34,28.94,"Caralho, tô emocionado aqui, mano, tô emocionado aqui, mano, que isso, é nóis"
xJExphI2SRU,9,28.94,30.88,"Calma aí, esse narigudo, esse narigudo"
xJExphI2SRU,10,30.88,32.44,"Ô, louco, calma aí, né, calma aí, né"
xJExphI2SRU,11,32.44,33.32,"Vai dar merda, calma aí"
xJExphI2SRU,12,33.32,37.02,"Mano, porque é true, eu fui perceber agora, mano"
xJExphI2SRU,13,37.02,38.48,O cara mostrou o rito zudo
xJExphI2SRU,14,38.48,39.98,No livro zudo
xJExphI2SRU,15,39.98,42.94,"Caralho, eu tô seco, mano, meu Deus, mano"
xJExphI2SRU,16,42.94,45.14,"Ah, aqui, mano, aqui eu já consigo imaginar"
xJExphI2SRU,17,45.14,46.2,"O que vai acontecer, tá bom"
xJExphI2SRU,18,46.2,48.04,"Aqui deu merda, aqui deu merda"
xJExphI2SRU,19,48.04,49.76,"Vá borreto, vá borreto, agora que esse lerdão vazou"
xJExphI2SRU,20,49.76,51.18,Eu tenho certeza que alguém conhece ele
xJExphI2SRU,21,51.18,53.7,Alguém acha o endereço desse merda
xJExphI2SRU,22,53.7,54.44,"Aqui deu merda, hein, mano"
xJExphI2SRU,23,54.44,56.9,"Não, mas ele mostrou na zoeira também, mano"
xJExphI2SRU,24,56.9,58.32,"Os caras pegando muito pesada, pô"
xJExphI2SRU,25,58.32,59.24,"Eu quero mostrar no zoeiro também, mano."
xJExphI2SRU,26,59.24,59.66,Uma porrada.
xJExphI2SRU,27,59.76,61.48,"Mas eu posso, tipo assim, dar um pescoção."
xJExphI2SRU,28,61.86,62.52,"Ah, entendi."
xJExphI2SRU,29,62.68,63.62,Pode deixar com o Bucalão.
xJExphI2SRU,30,63.8,65.28,"Bucalão com 1,53m de altura."
xJExphI2SRU,31,65.4,65.6,Beleza.
xJExphI2SRU,32,65.86,66.88,"Calvo, calvo, tá bom?"
xJExphI2SRU,33,67.28,69.98,"1,53m de altura drogado vai conseguir bater alguém."
xJExphI2SRU,34,70.08,71.1,"Pode deixar, pode deixar aí, mano."
xJExphI2SRU,35,71.54,72.94,"Caralho, até eu tô com medo agora, hein, mano."
xJExphI2SRU,36,73.02,73.94,Agora é uma então merda.
xJExphI2SRU,37,75.46,75.66,Bom.
xJExphI2SRU,38,76.82,77.28,"Caralho, mano."
xJExphI2SRU,39,77.32,77.8,Deixa eu fazer uma boiada.
xJExphI2SRU,40,78.62,82.9,Se um dia eu encontro um moleque que fica brincando com um bagulho de nazi...
xJExphI2SRU,41,82.9,83.88,"Ah, meu Deus!"
xJExphI2SRU,42,83.88,84.4,Que isso?
xJExphI2SRU,43,84.54,85.02,"Ô, louco!"
xJExphI2SRU,44,86.28,87.2,"Ô, louco, mano."
xJExphI2SRU,45,87.26,87.96,"Acabou, rapaziada."
xJExphI2SRU,46,87.96,88.84,"Agora é o seguinte, mano"
xJExphI2SRU,47,88.84,91.3,"Rapaziada, agora simplesmente acabou pra gente, beleza?"
xJExphI2SRU,48,91.54,93.08,"Vamos ter que virar viado, beleza?"
xJExphI2SRU,49,93.22,96.82,"Agora, a partir de agora, vamos ter que trocar todas as gírias azuis da live, tá bom?"
xJExphI2SRU,50,96.84,98.42,"Porque o Mungalow está nos ameaçando, beleza?"
xJExphI2SRU,51,98.8,100.98,"Vamos ter que começar a usar de milhões, tá bom?"
xJExphI2SRU,52,101.02,103.14,"Eu vou até trocar de campeão, tá bom?"
xJExphI2SRU,53,103.38,106.12,Eu vou deixar meu Cassi Adolfo começar a picar boneco colorido
xJExphI2SRU,54,106.12,107.28,"Picar luckzinha, tá bom?"
xJExphI2SRU,55,107.54,108.84,E eu vou ficar falando uns termos de...
xJExphI2SRU,56,108.84,109.94,"Mano, de milhões, de milhões"
xJExphI2SRU,57,109.94,112.94,"Aí meu bot, Fida, em vez de buscar de podre horrível"
xJExphI2SRU,58,112.94,115.4,"Eu falo, caralho, que bot tem de centavos, tá bom?"
xJExphI2SRU,59,115.4,117.68,Vamos ter que agora usar o dialeto
xJExphI2SRU,60,117.68,119.58,"Dos gayzus, tá bom? Agora deu merda"
xJExphI2SRU,61,119.58,121.52,"Que o Mucaló ameaçou a gente, beleza? Se não, mano"
xJExphI2SRU,62,121.52,123.32,"Se não, acabou, né? Então vai ser nosso fim, tá bom?"
xJExphI2SRU,63,123.74,125.58,"Na tua cabeça, eu sei que já é assim, ah, tô de boa"
xJExphI2SRU,64,125.58,127.42,Eu vou ficar mais dois anos aqui dentro do meu quarto
xJExphI2SRU,65,127.42,128.94,"Cinco anos, então o Mucaló nunca vai me bater"
xJExphI2SRU,66,128.94,131.68,"Mas, mano, paizão, paizão"
xJExphI2SRU,67,131.68,133.32,"Se um dia eu pego um desses, é menor"
xJExphI2SRU,68,133.32,135.52,"Não, acabou, acabou, se pegar, acabou, beleza?"
xJExphI2SRU,69,135.88,137.44,"Se pegar, mano, se por acaso"
xJExphI2SRU,70,137.44,139.34,"Eu não abrir lá amanhã, porque deu merda, beleza?"
xJExphI2SRU,71,139.74,141.32,Se por acaso amanhã não ter livezuda
xJExphI2SRU,72,141.32,142.9,"Eu fui pego aqui pelo Mucaló, tá bom?"
xJExphI2SRU,73,143.12,144.94,"O cara acaba me encontrando aqui, deu merda, deu merda"
xJExphI2SRU,74,144.94,147.48,"Eu ia quebrar uma perna ali, um bagulho assim"
xJExphI2SRU,75,147.48,149.68,"Que tu ia falar assim, caralho, sempre que eu for brincar"
xJExphI2SRU,76,149.68,151.9,Como que o Mucaló pode bater em você
xJExphI2SRU,77,151.9,154.44,Você fez 10 anos de capoeira
xJExphI2SRU,78,154.44,156.14,"Cara, eu não fiz 10 anos de macumba"
xJExphI2SRU,79,156.14,158.04,"Mano, eu ia fazer a piadinha aqui de macumba"
xJExphI2SRU,80,158.04,159.68,"Só que agora eu não posso fazer, tá bom"
xJExphI2SRU,81,159.68,161.12,O Mucaló agora passou a causuda
xJExphI2SRU,82,161.12,162.74,Nós temos que virar viada agora
xJExphI2SRU,83,162.74,165.24,"Nada de piadinha, mano, sobre gays, tá bom"
xJExphI2SRU,84,165.24,167.82,"Sobre nada, tem que agora só ficar usando o dialeto, tá bom"
xJExphI2SRU,85,167.82,169.32,Dos caras normos
xJExphI2SRU,86,169.32,171.44,"É lá do Kenzi agora, tá lá do Kenzi"
xJExphI2SRU,87,171.44,172.94,"Lá do Kenzi, lá do Dinha"
xJExphI2SRU,88,172.94,179.16,"Caralho, mano"
xJExphI2SRU,89,179.16,180.82,"Mano, que bizonho, cara"
xJExphI2SRU,90,180.82,181.5,Que bizonho
xJExphI2SRU,91,181.5,183.76,"Que merda foi essa, cara?"
xJExphI2SRU,92,183.8,187.46,O cara chegou a ameaçar
xJExphI2SRU,93,187.46,188.34,Quebrar tua perna
xJExphI2SRU,94,188.34,190.76,"Mano, você realmente acha que o meu canal é grande em 1v1?"
xJExphI2SRU,95,190.9,193.1,"Claro que não, você pesa em 120kg, amigão"
xJExphI2SRU,96,193.1,194.22,"Eu não sou obeso, tá bom?"
xJExphI2SRU,97,194.24,195.32,É 100kg de massa magra
xJExphI2SRU,98,195.32,196.8,"Eu desmonto meu canal no 1v1, desmonto"
xJExphI2SRU,99,196.8,198.36,"É 8x1 de montagem, tá bom?"
xJExphI2SRU,100,198.38,201.1,"Eu sou um artista marcial completo, completo, tá bom?"
xJExphI2SRU,101,201.2,202.2,Tem que marcar o x1
xJExphI2SRU,102,202.2,203.64,Pode vir em qualquer momento
xJExphI2SRU,103,203.64,204.88,"Beleza, pode vir em qualquer momento"
xJExphI2SRU,104,204.88,205.9,"Eu no canal, tá bom"
xJExphI2SRU,105,205.9,207.4,Eu destroço ele pro inteiro
xJExphI2SRU,106,207.4,208.14,Destroço
xJExphI2SRU,107,208.14,209.02,"Destroço, tá bom"
xJExphI2SRU,108,209.02,209.66,Vai dar reto
xJExphI2SRU,109,209.66,210.52,Eu me tachei empadaço
xJExphI2SRU,110,210.52,211.38,"Mas não vejo a altura, tá bom"
xJExphI2SRU,111,211.38,211.88,"Cara, pra mim"
xJExphI2SRU,112,211.88,213.22,Pra alguém vencer time no V1
xJExphI2SRU,113,213.22,213.98,"Tem que ser, sei lá, mano"
xJExphI2SRU,114,213.98,214.64,"Pô, Atan"
xJExphI2SRU,115,214.64,215.98,Tem que ser o cara do Excalibre
xJExphI2SRU,116,215.98,216.6,E o UFC
xJExphI2SRU,117,216.6,217.18,John Jones
xJExphI2SRU,118,217.18,219.26,"Eu acho que nem John Jones vence, tá bom"
xJExphI2SRU,119,219.26,220.04,Ele tá idoso agora
xJExphI2SRU,120,220.04,220.5,Ele tá idoso
xJExphI2SRU,121,220.5,224.03,"Nossa, essa medição aqui"
xJExphI2SRU,122,224.03,224.89,"Eu vou te contar, hein, mano"
xJExphI2SRU,123,224.89,227.63,"O cara começou com uma kill, mano"
xJExphI2SRU,124,227.63,228.03,Você tá louco
xJExphI2SRU,125,228.03,229.01,"Tem que ter paciência aqui, mano"
xJExphI2SRU,126,229.01,230.25,Ok
xJExphI2SRU,127,230.25,231.89,"Bom, deixa eu pegar os XP"
xJExphI2SRU,128,231.89,232.79,Os três minions aqui
xJExphI2SRU,129,232.79,233.59,"Ou dois, na real"
xJExphI2SRU,130,234.09,234.67,"Deixa eu ver aqui, mano."
xJExphI2SRU,131,237.05,239.47,"É, eu perdi um ou dois minions aqui, mano."
xJExphI2SRU,132,240.77,241.79,"Ser Fizudo, ser Fizudo."
xJExphI2SRU,133,242.23,244.73,"Lorde, o campeão tá medíocre ainda caçando o Fizudo?"
xJExphI2SRU,134,246.37,247.99,"Cara, medíocre não tá não, mano."
xJExphI2SRU,135,248.05,249.23,"O campeão melhorou bastante, tá ligado?"
xJExphI2SRU,136,250.87,254.63,"Assim, pelo menos agora, se você jogar bem o late game, você escala pelo menos, né?"
xJExphI2SRU,137,254.67,255.51,Antigamente nem isso fazia.
xJExphI2SRU,138,256.63,258.43,"A Leni fez o campeão com a mesma merda de sempre, né?"
xJExphI2SRU,139,259.31,261.21,"Não sei se vai ser escadado, mas o campeão escala bem agora."
xJExphI2SRU,140,261.51,262.95,"Cara, o cara nem gastou o flash, eu acho."
xJExphI2SRU,141,263.03,264.87,"Só foi uma kill de graça aqui e pronto, mano."
xJExphI2SRU,142,265.69,267.71,"Nossa, que que é isso aqui, mano?"
xJExphI2SRU,143,267.75,268.73,"Tô sendo fuzilado, cara"
xJExphI2SRU,144,268.73,269.35,Deu merda a zuda
xJExphI2SRU,145,269.35,270.97,"Deu merda a zuda, deu merda"
xJExphI2SRU,146,270.97,273.47,"Eu acho que meu dia vai fazer blue e eu vim reto aqui, mano"
xJExphI2SRU,147,273.47,275.39,"Tô meio que quem faz isso aqui mesmo, né?"
xJExphI2SRU,148,275.39,276.77,"Quem é free gang aqui na quinzuda, mano"
xJExphI2SRU,149,276.77,277.55,É a baita ela que faz
xJExphI2SRU,150,277.55,282.64,"Ela morreu aqui agora, mano"
xJExphI2SRU,151,282.64,287.38,Ela morreu?
xJExphI2SRU,152,287.5,288.5,"Tem que morrer isso aqui, mano"
xJExphI2SRU,153,288.5,289.1,"Não é possível, cara"
xJExphI2SRU,154,289.1,293.96,"Meu Deus, cara"
xJExphI2SRU,155,293.96,295.94,"Ainda bem que eu comprei essa pelo limite aqui, mano"
xJExphI2SRU,156,295.94,297.04,"E aí, fiz tudo ok"
xJExphI2SRU,157,297.04,300.04,"Tô aqui não, velho"
xJExphI2SRU,158,300.04,300.94,"Jogo na minha conta, né?"
xJExphI2SRU,159,301.0,301.94,"É o mano, se eu quiser jogar"
xJExphI2SRU,160,301.94,302.92,"Boa noite, boa noite, mano"
xJExphI2SRU,161,302.92,303.8,Isso não pode ter guxo
xJExphI2SRU,162,303.8,308.33,"Caralho, mano, só dá um bilhão de gana"
xJExphI2SRU,163,308.33,309.29,Nessa piranha aqui
xJExphI2SRU,164,309.29,311.83,"E acabou o game, cara, que porra é essa, mano"
xJExphI2SRU,165,311.83,313.87,É o P do B full
xJExphI2SRU,166,313.87,314.79,"Full pie, mano"
xJExphI2SRU,167,314.79,316.89,Quando eu tirei esse ponto de partida aqui
xJExphI2SRU,168,316.89,318.99,Eu só fui farmar aqui no meu bot
xJExphI2SRU,169,318.99,321.11,Pingar só e por aí aceitar
xJExphI2SRU,170,321.11,325.08,"Derramei pro exame o meu bot, ele se matou de já"
xJExphI2SRU,171,325.08,325.48,Os devs
xJExphI2SRU,172,325.48,329.62,"Ok, eu vou puxar aqui e vou dar B logo aqui"
xJExphI2SRU,173,329.62,331.16,Dar meu B zudo aqui
xJExphI2SRU,174,331.16,332.28,E teclinzudo aqui
xJExphI2SRU,175,332.28,335.44,"Bom, agora eu posso sim fazer o meu playstyle"
xJExphI2SRU,176,335.44,336.48,"Que eu queria fazer, rapaziada, bora"
xJExphI2SRU,177,336.48,338.86,"Comprar aqui, bota a zuda aqui logo, mano"
xJExphI2SRU,178,338.86,339.84,Ok
xJExphI2SRU,179,339.84,345.29,"Tem que comprar, ah tá, mano"
xJExphI2SRU,180,345.29,346.79,"Que porra é essa, mano"
xJExphI2SRU,181,346.79,348.61,Tem que fazer um save zudo
xJExphI2SRU,182,348.61,350.97,"Que bota a zuda é essa, é broken boots"
xJExphI2SRU,183,350.97,352.77,"É broken boots aqui, mano, é broken"
xJExphI2SRU,184,352.77,355.83,É broken boots zudas
xJExphI2SRU,185,355.83,360.11,"Ah, inverteram isso aqui, mano"
xJExphI2SRU,186,360.11,361.25,"Eu gostei, na real"
xJExphI2SRU,187,361.25,364.29,"Inverteram porra nenhuma, cara"
xJExphI2SRU,188,364.29,370.28,"Dá pra matar ele aqui, acho que ele morreu"
xJExphI2SRU,189,370.28,371.16,"Inclusive aqui, mano"
xJExphI2SRU,190,371.16,373.04,"Só o Tai mata ele, só isso"
xJExphI2SRU,191,373.04,380.22,"Boa negócio, boa, save zudo, ok"
xJExphI2SRU,192,380.22,381.76,Já saiu da esmeralda?
xJExphI2SRU,193,381.82,383.46,"Claro que não, eu tô esmeraldola ainda, mano"
xJExphI2SRU,194,383.46,384.64,Eu sou o criado azul do mano
xJExphI2SRU,195,384.64,387.16,"Eu sou o suskit preto, tá ligado?"
xJExphI2SRU,196,388.68,389.7,"Eu morri aqui, mano"
xJExphI2SRU,197,389.7,392.3,"Ai, meu Deus, cara"
xJExphI2SRU,198,392.3,393.52,"O cara não dá nem o ping, mano"
xJExphI2SRU,199,393.52,395.02,"No topside, tem como saber nada"
xJExphI2SRU,200,395.02,396.44,"Onde a Queen tá no mapa, cara"
xJExphI2SRU,201,396.44,399.36,"Eu acho que eu mato ela com flash aqui, mano"
xJExphI2SRU,202,399.36,400.52,"Ela morreu aqui, ou não, né"
xJExphI2SRU,203,400.52,403.16,"Ou não, ou foi do meu matela mesmo"
xJExphI2SRU,204,403.16,405.16,"Olha aqui pra mim, mano"
xJExphI2SRU,205,405.16,408.22,Não vai escapar assim
xJExphI2SRU,206,408.22,409.12,"Calma aí também, né, puta"
xJExphI2SRU,207,409.12,412.62,"Tá bom, o Pedro B tá batendo um lig..."
xJExphI2SRU,208,412.62,413.74,"Hum, perdi a catarpa, cara"
xJExphI2SRU,209,413.74,416.5,"Meu Jean parece ser um ser humano aqui, mano"
xJExphI2SRU,210,416.5,417.34,Isso aqui é uma realidade zuda
xJExphI2SRU,211,417.34,419.4,"Vamos dar meu besudo aqui, ok"
xJExphI2SRU,212,419.4,422.4,"Chegou o tempo aqui, mano"
xJExphI2SRU,213,422.4,423.38,"Tem que ter pra bot, rapaziada"
xJExphI2SRU,214,423.38,424.7,A Queen vai vir aqui e vai matar os dois
xJExphI2SRU,215,424.7,425.72,"Tem que ter pra ali de uma vez, Jean"
xJExphI2SRU,216,425.72,429.22,"Tem que ter antecipadamente aqui, tá ligado?"
xJExphI2SRU,217,433.46,433.78,Ok
xJExphI2SRU,218,433.78,437.06,"Ô, o cara se matou, mano"
xJExphI2SRU,219,437.06,437.6,Que porra...
xJExphI2SRU,220,437.6,439.5,"Yumi! Vem comigo, mano!"
xJExphI2SRU,221,439.54,440.58,"Que que é isso, Yumi Zuda?"
xJExphI2SRU,222,442.93,443.21,Ok.
xJExphI2SRU,223,447.37,448.71,"Agora sim deu bom zudo, mano."
xJExphI2SRU,224,449.95,452.45,"É, pior que eu estupro ela aqui agora, se ela ficar louca, mano."
xJExphI2SRU,225,453.97,454.97,"Meu Deus, cara!"
xJExphI2SRU,226,455.01,455.49,Meu R não pegou...
xJExphI2SRU,227,455.49,456.87,"Mano, meu R não pegou nela, cara!"
xJExphI2SRU,228,457.91,459.95,"Pera aí, ela cancelou meu R com o E dela, será, mano?"
xJExphI2SRU,229,459.95,460.75,"Meu R não pegou nela, mano?"
xJExphI2SRU,230,460.75,461.99,Que porra foi essa? Eu matava ela.
xJExphI2SRU,231,462.75,464.27,"Ia provocar o Tanteló de zudo, mano."
xJExphI2SRU,232,464.45,465.03,Mas tá bom.
xJExphI2SRU,233,469.42,469.74,Mano!
xJExphI2SRU,234,471.12,472.46,"É, eu tenho que só aceitar mesmo, mano."
xJExphI2SRU,235,472.46,473.7,Eu vou ter que dar recall de novo aqui pro Lugis.
xJExphI2SRU,236,473.7,476.56,"É, eu tenho que ficar dando recado"
xJExphI2SRU,237,476.56,477.72,"Eu nem fiz inteiro aqui, mano"
xJExphI2SRU,238,477.72,480.4,"Bom, vamos por esse lado positivo aqui"
xJExphI2SRU,239,480.4,481.22,Eu vou sacar minha bota
xJExphI2SRU,240,481.22,482.9,Eu vendei minha poça de refil logo na vez aqui
xJExphI2SRU,241,482.9,485.04,"E aí, vocês vão querer vir aqui na playzuda"
xJExphI2SRU,242,485.04,486.26,Vão mutar os caras aqui
xJExphI2SRU,243,486.26,487.12,Como é que vai ser isso aqui?
xJExphI2SRU,244,487.18,488.16,"Ah, entendi, mano"
xJExphI2SRU,245,488.16,495.6,Vou matar esse cara aqui
xJExphI2SRU,246,495.6,496.52,"Vou ter que morrer, rapaz"
xJExphI2SRU,247,496.52,501.34,"E deu merda a truque agora, mano"
xJExphI2SRU,248,501.34,508.11,"Cara, eu sei que meti..."
xJExphI2SRU,249,508.11,509.85,"É, eu estou oficialmente morto aqui"
xJExphI2SRU,250,509.85,512.05,"Tá bom, peguei duas kills"
xJExphI2SRU,251,512.05,512.55,Dá pra carregar
xJExphI2SRU,252,512.55,514.51,"Mano, meu bot era pra ter vindo bem antes, mano"
xJExphI2SRU,253,514.51,515.19,"Nossa, que demora."
xJExphI2SRU,254,515.27,516.15,"Que bote podre, mano."
xJExphI2SRU,255,516.69,517.33,Bote podre.
xJExphI2SRU,256,518.91,519.27,Ok.
xJExphI2SRU,257,520.29,520.97,"Nossa, olha a Queen."
xJExphI2SRU,258,521.57,522.71,"Mano, que porra é essa?"
xJExphI2SRU,259,523.45,525.29,"Cara, a Queen foi só para o UV, cara."
xJExphI2SRU,260,525.33,525.81,O que é isso?
xJExphI2SRU,261,526.45,528.41,"Deu merda, deu merda, deu merda, deu merda."
xJExphI2SRU,262,534.72,536.18,"Quase ganha isso aqui, ganha não, mano."
xJExphI2SRU,263,537.42,538.54,"Quase ganha isso aqui bem fácil, né?"
xJExphI2SRU,264,539.56,540.58,"Safe, Zulu, safe, Zulu."
xJExphI2SRU,265,544.67,545.03,Ok.
xJExphI2SRU,266,546.93,548.35,Superou minhas expectativas?
xJExphI2SRU,267,549.15,550.97,"Não, eu sabia que você tacava C da bota, mano."
xJExphI2SRU,268,550.97,558.04,"Nossa, pra que esse dive todo dessa maneira, cara?"
xJExphI2SRU,269,558.84,559.6,"Meu Deus, mano."
xJExphI2SRU,270,560.66,562.02,"Nossa, que dive podre, mano."
xJExphI2SRU,271,562.7,565.02,"Esse aqui é um pro contra, esse aqui é tipo assim, asqueroso e ruim, mano."
xJExphI2SRU,272,566.08,568.52,"Era só não ter feito nada que a gente daivava os caras, tá ligado?"
xJExphI2SRU,273,568.84,569.42,Mas tá bom.
xJExphI2SRU,274,571.04,572.82,"Os buffs, no caso, fez muita diferença?"
xJExphI2SRU,275,572.96,573.62,"Pior que fez, mano."
xJExphI2SRU,276,574.56,575.68,"Mas fez uma boa diferença sim, mano."
xJExphI2SRU,277,575.72,579.52,"Eu vou tempar aqui, mas eu acho que eu tempei à toa, tá ligado?"
xJExphI2SRU,278,579.86,580.82,"Dá pra sonhar aqui, tá ligado?"
xJExphI2SRU,279,586.75,588.37,"Caraca, mas olha o dano dessa merda, cara."
xJExphI2SRU,280,588.37,591.15,"Caralho, me deu muito dano, mano"
xJExphI2SRU,281,591.15,591.69,Que que é isso?
xJExphI2SRU,282,593.17,594.41,"Ah, mano, eu tô vivaz aqui, né"
xJExphI2SRU,283,594.41,595.33,Eu tô podre
xJExphI2SRU,284,595.33,597.19,Ok
xJExphI2SRU,285,597.19,601.19,"Mano, o cara me matou"
xJExphI2SRU,286,601.19,604.35,"Que que é isso? O cara me pegou como, velho?"
xJExphI2SRU,287,604.39,605.49,"Que speed é essa, mano?"
xJExphI2SRU,288,606.37,607.91,"Meu, parece que eu tava vivaz aqui ainda"
xJExphI2SRU,289,607.91,609.91,"Bom, fechei minha safe agora, bora"
xJExphI2SRU,290,609.91,612.25,O engraçado é que ela pode vir reto aqui
xJExphI2SRU,291,612.25,612.95,"Eu morrer, tá ligado?"
xJExphI2SRU,292,612.95,614.27,Eu tô sem minha safe
xJExphI2SRU,293,614.27,624.49,"É, me dá bem que o Pedobi usou 2 de QI aqui"
xJExphI2SRU,294,624.49,625.51,"Ficou na minha lane aqui, né"
xJExphI2SRU,295,626.21,627.21,"Nossa, pegou até dois aqui."
xJExphI2SRU,296,627.27,627.95,"Tá bem hoje, Vicky."
xJExphI2SRU,297,629.55,630.77,"Vamos pra cacete aqui, né, mano?"
xJExphI2SRU,298,632.47,633.19,"Que isso, negócio?"
xJExphI2SRU,299,633.25,634.27,"Pega essa merda aqui logo, mano."
xJExphI2SRU,300,634.31,634.87,"Tem que dar B, mano."
xJExphI2SRU,301,634.91,635.17,Tem que dar B.
xJExphI2SRU,302,637.36,638.46,"Tem que dar B, tipo assim, agora."
xJExphI2SRU,303,638.54,639.3,"Agora eu vou dar B já, mano."
xJExphI2SRU,304,641.47,642.55,"Pô, tem que dar B, mano."
xJExphI2SRU,305,642.59,643.53,"O cara favelou, cara."
xJExphI2SRU,306,643.59,644.25,"Meu Deus, mano."
xJExphI2SRU,307,644.27,645.59,"Vamos que vai atacar a Zulu, mano."
xJExphI2SRU,308,648.56,650.62,"Nossa, o cara ficou louco pro pedobir, mano."
xJExphI2SRU,309,650.84,652.2,"Vamos ter que descer lá e reta, mano."
xJExphI2SRU,310,653.56,653.8,Ok.
xJExphI2SRU,311,654.92,656.5,"Pô, dá pra dar chase, hein, na real, mano."
xJExphI2SRU,312,660.59,662.41,"Eu vou matar a Queen aqui agora, rapaziada."
xJExphI2SRU,313,662.41,663.63,O mata pop mesmo
xJExphI2SRU,314,663.63,666.11,O pop tá aqui
xJExphI2SRU,315,666.11,668.33,Tem uma cuia aqui
xJExphI2SRU,316,668.33,668.91,Isso é um problema
xJExphI2SRU,317,668.91,669.65,Eu tenho zonas também
xJExphI2SRU,318,669.65,669.97,Não moro nem
xJExphI2SRU,319,669.97,683.57,"Ah, minhas zonas"
xJExphI2SRU,320,683.57,685.01,"Meu Deus, cara"
xJExphI2SRU,321,685.01,685.77,Acho que eu morri aqui
xJExphI2SRU,322,685.77,688.91,"Cara, minhas zonas"
xJExphI2SRU,323,688.91,689.45,Tavam três
xJExphI2SRU,324,689.45,690.13,Eu fiquei com delay
xJExphI2SRU,325,690.13,690.59,Usando as zonas
xJExphI2SRU,326,690.59,691.57,Eu fiquei pegando dois
xJExphI2SRU,327,691.57,692.23,"Na playzuda, mano"
xJExphI2SRU,328,692.23,692.79,Mas deu bom anyway
xJExphI2SRU,329,692.79,695.23,"Caralho, eu fiquei parado"
xJExphI2SRU,330,695.23,696.31,Tavam três minhas zonas zudas
xJExphI2SRU,331,696.31,697.05,Mas tá bom
xJExphI2SRU,332,697.05,697.71,Peguei uma tacã
xJExphI2SRU,333,697.71,700.19,Eu gosto dessa bota aqui
xJExphI2SRU,334,700.19,701.13,Mas não achei essa bota ruim não
xJExphI2SRU,335,701.13,702.01,Começou a usar mais games
xJExphI2SRU,336,702.01,707.7,Os caras se mataram aqui
xJExphI2SRU,337,707.7,708.58,Eu quero dar pezinho pra eles
xJExphI2SRU,338,708.58,724.74,"Ih, deu merda isso aqui"
xJExphI2SRU,339,724.74,726.3,"Mano, deu merda pra vocês, mano"
xJExphI2SRU,340,726.3,728.84,Broke Saber e Caçador
xJExphI2SRU,341,728.84,730.0,"Ok, deu merda, deu merda"
xJExphI2SRU,342,730.0,732.64,"Eu peguei muito Broke, Broke Saber, ok"
xJExphI2SRU,343,732.64,733.24,Broke Saber
xJExphI2SRU,344,733.24,736.32,"Fica na side lá, ninguém puxou, mano"
xJExphI2SRU,345,736.32,738.32,Vai pra Dragão Azul aqui também
xJExphI2SRU,346,738.32,740.74,"Ok, eu posso morrer aqui, mano"
xJExphI2SRU,347,740.74,741.74,"Eu acho que eu morri, rapaziada"
xJExphI2SRU,348,741.74,748.2,"Eu sabia que o Inverno vinha até aqui, favela"
xJExphI2SRU,349,748.2,749.62,"Começou já a pedolice, mano"
xJExphI2SRU,350,749.62,751.76,"Olha essa fight, pô, ele tá sem minha fight"
xJExphI2SRU,351,751.76,754.12,"Tá sem o Nara fight, só que é um 3v5, mano"
xJExphI2SRU,352,754.12,755.92,"A gente ganha? A gente ganha, mano"
xJExphI2SRU,353,755.92,756.74,"Meu Deus, cara"
xJExphI2SRU,354,756.74,765.24,"Eu tenho que parabenizar essa minha pop aqui, mano, que tá contra mim, mano, que buildou"
xJExphI2SRU,355,765.24,767.98,"full armadura quando eu comecei um full AP, tá ligado?"
xJExphI2SRU,356,767.98,770.98,"Ainda bem que essa pop aqui é, tipo assim, burra pra cacete, mano."
xJExphI2SRU,357,770.98,774.98,"Quando eu buildo rabadão, ué, quase todo game, mano, o problema é os games não duram,"
xJExphI2SRU,358,774.98,775.98,tá ligado?
xJExphI2SRU,359,775.98,779.18,"Por exemplo, esse game aqui, eu vou, eu vou mudar o rabadão, mas eu acho que até o version"
xJExphI2SRU,360,779.18,780.18,"it vai acabar a partida, né?"
xJExphI2SRU,361,780.18,783.18,"O cara flechou à toa, porque ele tá morto aqui."
xJExphI2SRU,362,783.18,792.13,"Cara, eu acho que eu tinha visto alguém aqui, mano, será que eu ouvi a impressão?"
xJExphI2SRU,363,792.13,800.81,Eu te vi servir aqui mesmo
xJExphI2SRU,364,800.81,804.74,Vou dar BTP logo aqui
xJExphI2SRU,365,804.74,806.92,"Na real dá pra dar GG aqui, acabou o game"
xJExphI2SRU,366,806.92,809.38,"Isso acontece, eu não consigo fechar a badão"
xJExphI2SRU,367,809.38,810.08,Acabou o game antes
