videoId,categoria_video,flagged_transcricao,total_segmentos,freq_mol_por_mil,flagged_comentarios,total_comentarios,pct_flagged_comentarios
0sD6xl3EFbo,guia_tutorial,3,1266,2.37,6,126,4.8
12oibiOBoSI,gameplay,19,356,53.37,0,27,0.0
3-jtcrUTDTw,entretenimento_meme,0,7,0.0,0,6,0.0
6hO01e5kvvQ,entretenimento_meme,0,1,0.0,0,3,0.0
6l1hMZZ_3ms,gameplay,9,219,41.1,2,24,8.3
7STM0pLxRgo,entretenimento_meme,0,8,0.0,0,9,0.0
7iO7Ygle6sE,gameplay,6,351,17.09,0,24,0.0
8q5VFwutoGE,gameplay,8,274,29.2,0,21,0.0
92KeIj8hsOE,guia_tutorial,16,431,37.12,1,30,3.3
9sFGyNdtN8Y,gameplay,18,359,50.14,2,26,7.7
AysubRW-kvQ,entretenimento_meme,0,5,0.0,0,6,0.0
Cyai8_m_ZQ8,treta_drama,20,500,40.0,18,225,8.0
DierqZNnOHA,gameplay,0,55,0.0,0,25,0.0
DjhpGJAZBi8,guia_tutorial,4,389,10.28,2,29,6.9
E3ToJX4yMXM,gameplay,15,414,36.23,0,22,0.0
F7XtKG59y4Q,entretenimento_meme,0,15,0.0,1,8,12.5
IeNxaErKY7g,entretenimento_meme,0,7,0.0,0,11,0.0
Jyknzm3ZojA,entretenimento_meme,0,2,0.0,0,6,0.0
MhR6WbG2UD0,entretenimento_meme,0,5,0.0,0,10,0.0
NlMxSXvoztk,entretenimento_meme,0,10,0.0,1,11,9.1
PGFU_utw5qg,gameplay,0,2,0.0,2,17,11.8
PIyw-_gHTzU,guia_tutorial,11,233,47.21,0,44,0.0
RtNMWGV4wf8,entretenimento_meme,0,8,0.0,0,13,0.0
S8zUa3KSBj8,entretenimento_meme,0,1,0.0,1,11,9.1
SBT6DCNR4BY,relacionamento_egirl,12,347,34.58,7,67,10.4
SeRNWYWd7V4,entretenimento_meme,0,2,0.0,1,9,11.1
TRNthMDhtSU,entretenimento_meme,0,6,0.0,0,13,0.0
VvTJJ6u9n8Y,gameplay,13,363,35.81,1,40,2.5
_8W2fSnL1vY,gameplay,2,278,7.19,2,24,8.3
bxVRyxvjqmc,entretenimento_meme,0,4,0.0,0,3,0.0
ct2DIjWG4uM,gameplay,6,249,24.1,2,35,5.7
cyk1wQGe3tE,entretenimento_meme,0,7,0.0,1,8,12.5
eaMHWygC3PM,entretenimento_meme,0,4,0.0,0,6,0.0
hlf8CuBXMws,gameplay,10,260,38.46,1,40,2.5
ifSpvNYqE2g,treta_drama,16,317,50.47,0,41,0.0
jV1M7FOgJoU,entretenimento_meme,0,2,0.0,0,14,0.0
jjA-vG38qWU,entretenimento_meme,0,8,0.0,0,6,0.0
nmPCfoxku2k,gameplay,4,254,15.75,1,25,4.0
r8C57BD7aDc,guia_tutorial,17,776,21.91,2,42,4.8
slhtOG9uSmQ,entretenimento_meme,0,4,0.0,1,20,5.0
w4wrS-f4oFo,entretenimento_meme,0,3,0.0,2,20,10.0
xJExphI2SRU,treta_drama,16,367,43.6,3,45,6.7
zeYD8_RXrrA,gameplay,11,215,51.16,0,30,0.0
