videoId,commentId,publishedAt,authorName,likeCount,isReply,text,n_matches,flag_mol,termos_encontrados,categorias_encontradas,cat_racial_interseccional,cat_body_shaming,cat_sexual_degradante,cat_gamer_misogino,cat_xingamentos_genero,cat_homofobia_misoginia,cat_genitalia_feminina,cat_prostituicao_degradante
Cyai8_m_ZQ8,025dde0129fd180842c95d2580380620e1409f47,2026-09-01 18:26:44,e184e6afd5efadc34e4045bfd59bc4e9e3881b47,0,1,"morro dos macaquinhos é um lugar no rj, nn foi piada",1,1,macaquinhos,racial_interseccional,1,0,0,0,0,0,0,0
Cyai8_m_ZQ8,6732e3475555a9e76ec7c896ba008d6ccb3c07ea,2026-03-12 21:15:30,2fc55c6127c61cde1f5edd35cd594294a350fc81,3,0,"Completamente sodomizado por piada e ainda batem palma pro cancelamento. Sua história lembra a do chief da xbox mil grau, ele demorou mas deu a volta por cima, voce tbm dara",1,1,sodomizado,sexual_degradante,0,0,1,0,0,0,0,0
Cyai8_m_ZQ8,b31b2def86ec684a81b2e90cdd083c7621f67dbb,2026-01-14 14:21:53,af8462049c1567b4d0d0d7a62bb564f9662d0c20,0,0,"Que ironia em negrilson, a marmita de paneleiro te atacou kkkkkk",1,1,paneleiro,homofobia_misoginia,0,0,0,0,0,1,0,0
Cyai8_m_ZQ8,cc943755ade3b25503d76c2939e97c426ed32cbe,2025-11-29 12:01:12,616ec850b05c98fbbb7dc82ed49b571794f16733,2,0,1:53 só falou que é mestre né? Esqueceu de falar sobre macaquinhos da favela do rio de janeiro né? NAO CONSEGUE NEM FALAR O QUE DIGITOU COVAAARDEEEEE,1,1,macaquinhos,racial_interseccional,1,0,0,0,0,0,0,0
Cyai8_m_ZQ8,37c98846810b8e70eb26f6a8387f99f7db5c1eae,2025-11-25 14:35:46,7307c61f93d6515b2cbc14e5a9ea7c42cdbbdab6,0,0,webs gado kkkkkkkkkkkk,1,1,gado,gamer_misogino,0,0,0,1,0,0,0,0
Cyai8_m_ZQ8,e2eb8bafd583ea1034e5d1515cc9e37108faa80e,2025-11-23 04:37:30,9851e0233a5537154825dd64da19153587409f79,0,0,imagina pessoas ficarem putas por conta de league of legends KKKKKKKKKKKKKKKKKKKKKKKKKKKKKKK tmnc,1,1,putas,xingamentos_genero,0,0,0,0,1,0,0,0
Cyai8_m_ZQ8,0536831b6c1d09f5c47d39e6e8498d07573887b7,2025-11-23 20:11:01,286e852f09a138fcaa6bc09b70ebfb98b3aa4c14,0,1,Melhor q tu com essa cara de daku,1,1,daku,racial_interseccional,1,0,0,0,0,0,0,0
Cyai8_m_ZQ8,87aabe2d4d23e7c350e41edec601b27bfdd5cd82,2025-11-21 13:02:45,9546fa897c9090bcb6165300e76135c0260625c8,0,0,Imagina esses gados defendendo essa piranha,2,1,gados; piranha,gamer_misogino; xingamentos_genero,0,0,0,1,1,0,0,0
Cyai8_m_ZQ8,08613bec0794da6d0cc3f7967ea0e1e1969705c7,2025-11-21 07:16:23,f33ea88614d15d3976eefb6c297c580116a0b67a,6,0,"""É basicamente isso"" tirando a parte da misoginia e da parte que chama os cariocas de macaco 😅",1,1,macaco,racial_interseccional,1,0,0,0,0,0,0,0
Cyai8_m_ZQ8,cc887ed4e7a92feaec95fd79ad20d43369a49748,2025-11-21 05:23:28,d3588c43318d2d20eea4b0ad3a8bc31c409bfc75,0,0,"o video do putones falando q tu esconde opiniao nas piadas, maluco, onde ja se viu um nego sergipano naz KKKKKKKKKKKKKKKKKKKKKKKKKKKKKKKKKKKKKKKKKK os cara tem monkey IQ",1,1,putones,xingamentos_genero,0,0,0,0,1,0,0,0
Cyai8_m_ZQ8,38764a8634cd15a2501113e4dbfd6d758a9b4f4b,2025-11-21 03:48:45,e7578bce1ba758a187bf7fbccad35085f0ab34df,0,0,A estrwpada do Twitter mestre 50 pdl boostada quer vim falar da baleia mecânica kkkkkkkkkkkkkkkkkk,1,1,baleia,body_shaming,0,1,0,0,0,0,0,0
Cyai8_m_ZQ8,8173e7fc4906a0f23bbc6d5d6d90121890f68d4a,2025-11-20 22:26:55,cc5deba110fbcc896180114a7f9c9c6e85ae9faa,0,0,"essa turminha colorida pula até da ponte pra defender muié kkkkkkkkkk, tudo isso pq o cara falou umas verdades pra egirl boostada... será que os lacaios lambedores de salto vão receber alguma migalha de bct depois disso?? kkkkkkkkkkkk",2,1,bct; egirl,gamer_misogino; genitalia_feminina,0,0,0,1,0,0,1,0
Cyai8_m_ZQ8,1e566bc64b193eef0c6af293c64abb837d8037b1,2025-11-20 22:22:19,748104bd2954a6bfb847e3f3978afe010a8ba4c8,0,0,kkkkkkkkkkkkkk pessoal n ta ligado que favela dos macaquinhos e o morro dos macacos no RJ em vila isabel.,1,1,macaquinhos,racial_interseccional,1,0,0,0,0,0,0,0
Cyai8_m_ZQ8,89e1908e3f91974af32516332fab12b484545699,2025-11-20 22:42:30,102332a2a4ce8cbd295d2b1aa9d679a492e77d62,2,1,"desde quando mestre 50 pontos é high elo kkkkkkkkkkkkkkkkkkkk se eu treina um macaco a jogar , em 2 semanas ele passa de 50 pontos .",1,1,macaco,racial_interseccional,1,0,0,0,0,0,0,0
Cyai8_m_ZQ8,afef965c7a6b8bac92da4862f957f7f86a1c3037,2025-11-20 21:27:48,8c2138ece46098f43276827df7174d3237e21865,3,0,"poh man, eu n to do lado dela e mt menos do teu(ainda bem q tomou ban), ma vc ta se passando para caralho tbm né, vc falou que ela xingou sua mãe ? em que momento parceiro ela xingou sua mãe, de fato ela TE xingou, mas é pq olha o jeito que vc fala tlgd. acho bem feito vc ter tomado ban. vc podia ter mt bem interagido igual um ser humano invés de ficar tweetando assim",1,1,caralho,sexual_degradante,0,0,1,0,0,0,0,0
Cyai8_m_ZQ8,c1feb8c0d6d93a51d553530bdc181bc379c29d4f,2025-11-21 15:22:25,93f985e505502b24c8d9aae41089b277e1077f15,0,1,"@8c2138ece46098f43276827df7174d3237e21865 Tipo claramente ninguém xingou a mãe dele e o próprio yoki sabe disso, oque ela falou é bait pra você vir aqui fala o óbvio e dar dinheiro pra esse desempregado kkkkkkkkkkkkkkk, mas cá entre nois ele não exagerou quando falou dos gados kkkkkkk",1,1,gados,gamer_misogino,0,0,0,1,0,0,0,0
Cyai8_m_ZQ8,1283e4283fb8a03802f13b0d17f757f2e3389063,2025-11-21 20:03:53,0ce9ea13f3f2d7a318361368de5798da31f81381,1,1,a marmita usou o gado como escudo,1,1,gado,gamer_misogino,0,0,0,1,0,0,0,0
Cyai8_m_ZQ8,c039cdc7e4bd3b23bfeb9d4d655921f840143067,2025-11-20 21:07:38,49d041839b7128fac03ea5c816207f3fb9468286,2,0,"Negão começa a falar ""Alerta de humor"" antes sempre que for falar merda evita motivo pra gordas.",1,1,gordas,body_shaming,0,1,0,0,0,0,0,0
slhtOG9uSmQ,45ae8f703b27a05d84204a766014549a02f02b73,2025-11-13 00:23:40,5202377570da6e41d6d9b8805df1568cc016a6f6,13,0,"Prende esse editor num porão, escraviza o cara sla, mas n deixa ele parar editar pra vc não neguinho, até parece que vc é bom quando eu vejo esses vídeos",1,1,neguinho,racial_interseccional,1,0,0,0,0,0,0,0
cyk1wQGe3tE,3178012d34e42298d5805d0f1b7f25dcdd66ef58,2025-11-06 01:26:19,5202377570da6e41d6d9b8805df1568cc016a6f6,11,0,Kassadin = Lázaro Talon= BOPE putasso subindo o morro Se fosse mais branco escapava,1,1,putasso,xingamentos_genero,0,0,0,0,1,0,0,0
w4wrS-f4oFo,6ebf3eb3d81b94b6ed545c119ea19e5525cc6c90,2025-11-04 01:16:32,be0fc80c0d35bf292eb4d518982b474113baaf49,5,0,"Neguinho tem que ser bom no lol, se n passa fome",1,1,neguinho,racial_interseccional,1,0,0,0,0,0,0,0
w4wrS-f4oFo,872f2941bb20b7d1d0774cf9a87e56edffd26aae,2025-11-06 03:36:16,39c1c1ba4682abedd604a1e1c7fe77753b5ee5a2,0,1,"@5bf8b2bca9ddc441ab4187a5b1168e1ba6db7bb9 Vagabundo perde a linha, apenas",1,1,vagabundo,xingamentos_genero,0,0,0,0,1,0,0,0
hlf8CuBXMws,d673bef5ccfdbf23c8bfbeb500f3d1c58aef1753,2025-10-29 22:36:09,13c7440e621d17e18c1bb804c0b389cad6a3d9f3,0,0,"até duas semanas atras tu n tinha uma conta fora do mestre neguinho, para de se passar ""visita"" tu é o porteiro do low mestre",1,1,neguinho,racial_interseccional,1,0,0,0,0,0,0,0
ct2DIjWG4uM,01a481bdd627c2e06b8ab37a148d706a8d1b68df,2025-10-24 04:44:14,7d88ccd8f387737c837dcfc395f193de57a1932d,0,0,"agora tem ate neguinho no chall, o mundo ta diversificado mesmo!",1,1,neguinho,racial_interseccional,1,0,0,0,0,0,0,0
ct2DIjWG4uM,1baea7a15eaf295886271cc2e3594b49d7e089da,2025-10-23 19:11:08,cdf68abbf229f00f595b5235fea69d809f40859c,1,0,BALEIA MECÂNICA PAGOU QUANTO PRA TE TIRAREM DO MESTRE NEGUXO ??,1,1,baleia,body_shaming,0,1,0,0,0,0,0,0
NlMxSXvoztk,d9241d9d7df43d6fb1f1c644902119a00638254c,2025-10-23 17:11:46,a4422568a9379a8d26337620a33dd12b6b1752af,1,1,puta,1,1,puta,xingamentos_genero,0,0,0,0,1,0,0,0
PGFU_utw5qg,ae6c9ba497c724e67cfcc9687096b1adcac45330,2025-10-23 16:21:38,c7de84e0b5937eea1c875d2f01a792c7a0f394dc,0,0,ATE QUE VC E BOM NEGUINHO,1,1,neguinho,racial_interseccional,1,0,0,0,0,0,0,0
PGFU_utw5qg,b0d7fb85f023872398b3a41bbf6a1cf7cba45e33,2025-10-22 17:27:07,cdf68abbf229f00f595b5235fea69d809f40859c,9,0,COMO DE COSTUME EDITOR SENDO PROTAGONISTA PRA DEIXAR AS PLAYS DA BALEIA PARDA ASSISTIVEIS ❤⚡⚡,1,1,baleia,body_shaming,0,1,0,0,0,0,0,0
SeRNWYWd7V4,6ba30b557726c97c239c608f192c2c8f442822cc,2025-10-15 01:22:28,5202377570da6e41d6d9b8805df1568cc016a6f6,21,0,esse tresh ativou as memórias ancestrais do nosso neguinho,1,1,neguinho,racial_interseccional,1,0,0,0,0,0,0,0
SBT6DCNR4BY,5617c5bfbc7d544df021afecf1c1f310480806f8,2025-10-13 19:36:28,cdf68abbf229f00f595b5235fea69d809f40859c,37,0,"Obra artística audiovisual incrível, realmente 100% originalidade e amor pelo trabalho de edição de vídeo obrigado editor por ser tão bom e salvar esse escremento humano da baleia gorda do ES, 🗿🍷",2,1,baleia; gorda,body_shaming,0,1,0,0,0,0,0,0
SBT6DCNR4BY,672b2525d30a01272575dc44b9a01ec69c29b294,2025-11-18 21:27:16,b9a3957f730701ea520328a67224deadd76a2985,4,0,Caralho q mlk esquisito,1,1,caralho,sexual_degradante,0,0,1,0,0,0,0,0
SBT6DCNR4BY,d584dd4e2fa0864c959a760a55ef761b4682e333,2025-10-17 22:10:00,4a19e505862fb335f3e4c519fedb8f4e989abe17,0,0,caralho to confuso pra kct monte de yiok falando,1,1,caralho,sexual_degradante,0,0,1,0,0,0,0,0
SBT6DCNR4BY,313b3eb9cab125c1e65e39318001514e235ce8d1,2025-10-13 23:01:08,fb9f711ffbf1bfb83cd45f34fe0d54d97f9b194b,0,0,cade a live vagabundo?,1,1,vagabundo,xingamentos_genero,0,0,0,0,1,0,0,0
SBT6DCNR4BY,7e25734d74c5513509c92bea170b37160ff3a678,2025-10-13 21:33:38,2abb1957eb76c451ba21452468e0dce7c0d77871,1,0,o cara ta reagindo a ele se auto reagindo reagindo a uma egirl pqp e o melhor do youtubezudo,1,1,egirl,gamer_misogino,0,0,0,1,0,0,0,0
SBT6DCNR4BY,689bed616799453e637ee7c97eee6c1495f9e318,2025-10-13 20:02:00,f9d3212ca69f619d49779dab870f1011b779f32b,0,0,"anao seu conguitos, para de ser gado, MULHER NAO DA XP.",1,1,gado,gamer_misogino,0,0,0,1,0,0,0,0
SBT6DCNR4BY,7771cc34cb9b2eea5e87f1526539ba8daceff3a0,2025-10-13 19:24:09,ebf5dcfd23074007577ef365ddb42f0d8b5dc78f,29,0,"Caralho general, incrivel vídeo é um vod vendo uma vod vendo sua vod e pra completar a cereja do bolo tem uma musica de fundo puta merda muito bom",2,1,caralho; puta,sexual_degradante; xingamentos_genero,0,0,1,0,1,0,0,0
F7XtKG59y4Q,05d55b2817988bbf0a83aec6a19ca125d582d712,2025-10-11 22:32:56,f25c9d4ea3ea8d1c451f10b9593a0e2f05559400,7,0,correu igual um sigma e morreu pra um brilhozinho lgbt piada essa baleia mecanica,1,1,baleia,body_shaming,0,1,0,0,0,0,0,0
6l1hMZZ_3ms,356177657b3a8a592ab9f4dadd203174c38965f7,2025-09-27 12:32:33,5f2edaf104c951cdd6aca3a951900967ad966760,2,1,"Vai segurando nossa baleia mecânica, melhor Kassadin de Sergipe",1,1,baleia,body_shaming,0,1,0,0,0,0,0,0
6l1hMZZ_3ms,e2caad8b54d25f25f972d0dcc540814b6346e6d7,2025-09-27 11:42:45,092e1a390259c703bc9b1374f3d4ba9c535e9592,5,0,imagina ganhar 50k por mes pra ser estudado por um neguinho de sergipe,1,1,neguinho,racial_interseccional,1,0,0,0,0,0,0,0
9sFGyNdtN8Y,1e0fe5de38772c6d5b6ef4586c856829418bde7e,2025-09-26 01:32:49,13c7440e621d17e18c1bb804c0b389cad6a3d9f3,4,0,"videozudo com titulo falso, o neguinho do top e do mid foram carregados pelo velkoz do reichzudo",1,1,neguinho,racial_interseccional,1,0,0,0,0,0,0,0
9sFGyNdtN8Y,a8158adcf848414e94b79da7d422c1c639a020f2,2025-09-26 01:02:24,34e8fe84fd0ef7c9afd721f6517d6863588749ac,0,0,a unica coisa q ce carrega é os saco de farinha da quesia neguinho maldito,1,1,neguinho,racial_interseccional,1,0,0,0,0,0,0,0
_8W2fSnL1vY,e9a5ecf6d58f2a4a6a0fd71dea1010832a34d5b0,2025-10-29 10:20:58,f25c9d4ea3ea8d1c451f10b9593a0e2f05559400,0,1,"@1f76266fd7468e44780d2490b32961783329ac5d nem ele mesmo deve saber, deve fazer muitos anos q a baleia mecanica olha pra baixo e nao ve nada alem de gordura",1,1,baleia,body_shaming,0,1,0,0,0,0,0,0
_8W2fSnL1vY,5e1d20f182185cece1dd8fb90f96b1aeecc43d01,2025-09-26 08:35:37,ea6aecff7943f110be8ffb7680640180219b535b,0,0,"Falem oque quiser do gordoao, mas ngm joga de Kassadin como esse mlk, Nice vídeo baleia",1,1,baleia,body_shaming,0,1,0,0,0,0,0,0
nmPCfoxku2k,977d0b4e8b0ea0ebaacfb7f17d3b0c2ef34c669c,2025-09-20 14:23:43,3195c6c2393fda26b0a0fa6a3bd08a3350d8d1aa,0,0,"Yiok não é o melhor kassadin nem de sergipe quem dirá do mundo… Zoas gordão, pra cima deles baleia",1,1,baleia,body_shaming,0,1,0,0,0,0,0,0
0sD6xl3EFbo,6a9cef7b3ac357313f61e15217f2a1336e5cbb80,2026-08-01 18:44:51,b842c14b183bd97eca4df59ba3a3d915b9935348,0,1,"Qq deu? Vi que ele foi banido e foi brutalmente molestado pela comunidade, mas o mano joga pra caralho",1,1,caralho,sexual_degradante,0,0,1,0,0,0,0,0
0sD6xl3EFbo,a3cd6e51068cd7ecd5291fdcd44510b109b9956f,2025-09-19 02:37:13,ca1a63abed4c4d71e5b79aa30630664c72c36055,2,0,"Caralho mano, tava amando jogar com ele atualmente, e seu video caiu bem que só, fiquei jogando e vendo no outro monitor, GUIA PERFEITO!",1,1,caralho,sexual_degradante,0,0,1,0,0,0,0,0
0sD6xl3EFbo,6d0d9d27f3b6eb913b3fc9530c1e08459d880f93,2025-09-17 10:25:21,34e8fe84fd0ef7c9afd721f6517d6863588749ac,0,0,parece um neguinho falando,1,1,neguinho,racial_interseccional,1,0,0,0,0,0,0,0
0sD6xl3EFbo,9c811978fbb6374ec929bd8b3775967d94fda4fc,2025-09-16 19:08:58,b289881b2000e93521b40b97c654fd6efb8cac2e,4,0,"vídeo ficou estranhamente bom, tava esperando faz tempo esse guia, ficou pica🙏🙏",1,1,pica,sexual_degradante,0,0,1,0,0,0,0,0
0sD6xl3EFbo,0b2464164bc550aa0b1c09ed033d5d08a9ffd57d,2025-09-16 12:36:01,bd7f6fe00f004bb324a704625e95e556e8b479d9,0,0,Caralho o editor conseguiu fazer ficar didático KKKKKKKKKKKK,1,1,caralho,sexual_degradante,0,0,1,0,0,0,0,0
0sD6xl3EFbo,8031ef32a99c38056cb306a661f0d0dbeb435832,2025-09-16 03:17:33,603e61729f4698083fc32a0be77f7cb4c43e5a7c,0,1,como se esse fosse os piores vicios de linguagem do baleia preta,1,1,baleia,body_shaming,0,1,0,0,0,0,0,0
92KeIj8hsOE,2b981625c60df39475aa745002366043fe726841,2025-09-06 12:03:01,7016adac8b0af7cfb14587f03f2dd9e146051575,7,0,"Yiok chamando a mina de gorda, sendo que ele pesa 1945 quilos",1,1,gorda,body_shaming,0,1,0,0,0,0,0,0
xJExphI2SRU,ebdf0b32d7ead7e026b82870f1359d6bf2618b41,2025-09-05 20:44:55,15f393e1c6e325dba1ab019cc9f76eea338c9e5c,2,0,"Reclamar e ameaçar um cara que faz PIADA, realmente soluciona o problema Man. Eu acho bizarro esse povo que reclama assim, o YIOK claramente é um personagem, não faz sentido você ser na**sta no Brasil, se TODOS que nascem na América do Sul são latinos, então eles seriam caçados. Não faz nem sentido E os cara não entende isso e fica putinho pq o cara faz piada. Como se apoiada fosse o causador do problema A piada só existe porque o problema existe, se não. Não existiria piada, bizarro(escrevi um comentário maior que minha redação do Enem, pra falar algo q poderia ser resumido em 4 linhas, bizarro)",1,1,putinho,xingamentos_genero,0,0,0,0,1,0,0,0
xJExphI2SRU,a41359c6ec638d80ba0283b4ad276215b7ccdf67,2025-09-05 03:57:33,e5b69194e87c9408db9050203f1ac1c38aff521e,0,0,"Fala igual gente filho da puta, caralho mano que bizarro, n é possivel que vc se olha no espelho e tem orgulho de saber que vc fala igual um fudido com tudo zudo no final de cada palavra ta doido",2,1,caralho; puta,sexual_degradante; xingamentos_genero,0,0,1,0,1,0,0,0
xJExphI2SRU,5739ee53dcdf61558cfd0aef39602c94e15aaaf1,2025-09-04 00:34:02,b974a15170ac4ea510fd0da51cb3d2d604c85b2d,4,0,00:39 OLHA O NEGUINHO PAUSADO OLHANDO IGUAL O CONGUITOS KKLKKKKKKKKKKKKKKKKKK,1,1,neguinho,racial_interseccional,1,0,0,0,0,0,0,0
DjhpGJAZBi8,6168783cf54e05fb4ca80ca2f464ab7a5bb40525,2025-09-03 02:38:43,cc17b014832375d4dc9eca075862e4c0b9218e8f,0,0,"nao da pra te entender pretumbo, vc faz um video pra nao buildar roa, e vc vai la e faz, smt baleia",1,1,baleia,body_shaming,0,1,0,0,0,0,0,0
DjhpGJAZBi8,af6012b99859e3b2867c3609ad8b45f88b5f9cef,2025-09-03 01:57:00,cdf68abbf229f00f595b5235fea69d809f40859c,2,0,"Live de pretinho, vídeo de neguinho ❤❤❤❤",1,1,neguinho,racial_interseccional,1,0,0,0,0,0,0,0
VvTJJ6u9n8Y,2cb9be4f312eee53d2d42ef74dd12dd70f5f54a9,2026-08-20 06:00:43,b863ae9ca586c06581fd80abd4e2ee2a14a6f4b3,0,0,caralho essse video é muito bomm kkkkkkkkkkkkkkkkkkkkkkkkkkkkkkkkkkkkkkkkkkkkkkkkkkkkkkkkk,1,1,caralho,sexual_degradante,0,0,1,0,0,0,0,0
S8zUa3KSBj8,fefcafea56b2cf9cd39c28e08aa1f25a8e3ea9de,2025-08-31 11:30:21,d16c17f74149111241605fd17f2c6c7efb47d9ef,2,0,Ficou tão puto que virou roceiro,1,1,puto,xingamentos_genero,0,0,0,0,1,0,0,0
r8C57BD7aDc,d9f89cb0b4f69cfc7e412cf66f19bc1d1cd34379,2025-08-29 19:37:03,7e4f77bd9e70622362cf33f43c856c69f95b4b0c,1,0,caralho da até dor física ver esse cara jogando,1,1,caralho,sexual_degradante,0,0,1,0,0,0,0,0
r8C57BD7aDc,ca55fce79a30f10c1bf419c928605b608c69b44b,2025-08-29 03:38:49,0eaac956a91b94329e97bb2cd2e375d7a744f2c1,0,0,caralho a foto de perfil dele ameiii qro comer esse boyzin :3,1,1,caralho,sexual_degradante,0,0,1,0,0,0,0,0
