videoId,titulo,tipo,views,total_comentarios,flagged_mol,pct_flagged,replies,likes_total,cat_xingamentos_genero,cat_genitalia_feminina,cat_body_shaming,cat_gamer_misogino,cat_homofobia_misoginia,cat_sexual_degradante,cat_prostituicao_degradante,cat_racial_interseccional
Cyai8_m_ZQ8,YIOK FOI ATACADO PELOS GADOS DA COMUNIVIA ... TRETA PESADA !,longo,13105,225,19,8.4,69,599,3,1,3,5,1,2,0,6
SBT6DCNR4BY,YIOK CAIU CONTRA UMA E-GIRL NO CHALLENGER E FICOU APAIXONADO !,longo,10243,67,7,10.4,15,188,2,0,1,2,0,3,0,0
0sD6xl3EFbo,TUDO O QUE VOCÊ PRECISA SABER - GUIA DEFINITIVO CHALLENGER KASSADIN - RUNAS/BUILDS/COMBOS/DICAS !,longo,21067,126,6,4.8,21,250,0,0,1,0,0,4,0,1
xJExphI2SRU,YIOK FOI AMEAÇADO AO VIVO PELO MUCALOL !,longo,4994,45,3,6.7,7,128,2,0,0,0,0,1,0,1
w4wrS-f4oFo,O COISA RUIM DE KASSADIN ... #leagueoflegendsbrasil,short,8835,20,2,10.0,4,53,1,0,0,0,0,0,0,1
ct2DIjWG4uM,OFICIALMENTE DE VOLTA AO CHALLENGER !,longo,7629,35,2,5.7,5,61,0,0,1,0,0,0,0,1
PGFU_utw5qg,E ASSIM QUE O TOP 1 KASSADIN DO BRASIL JOGA !,short,5922,17,2,11.8,1,31,0,0,1,0,0,0,0,1
6l1hMZZ_3ms,APAVORANDO PRO - PLAYER DA LOUD NO CHALLENGER ! | Yiok,longo,7373,24,2,8.3,4,109,0,0,1,0,0,0,0,1
9sFGyNdtN8Y,TOP 1 KASSADIN CARREGANDO O @ayellol1 NO CHALLENGER ! | Yiok,longo,6477,26,2,7.7,3,55,0,0,0,0,0,0,0,2
_8W2fSnL1vY,LATE GAME KASSADIN ☠️,longo,4853,24,2,8.3,3,31,0,0,2,0,0,0,0,0
DjhpGJAZBi8,A RIOT ADICIONOU UM BUFF EXTRA OCULTO NO KASSADIN ! | Yiok,longo,3790,29,2,6.9,5,61,0,0,1,0,0,0,0,1
r8C57BD7aDc,YIOK SURTA AO VIVO DANDO COACH PARA UM VIEWER BRONZE IV!,longo,4311,42,2,4.8,7,54,0,0,0,0,0,2,0,0
slhtOG9uSmQ,KASSADOLA DO ESTUDO ! #leagueoflegendsbrasil,short,8662,20,1,5.0,5,76,0,0,0,0,0,0,0,1
cyk1wQGe3tE,KASSADOLF NA FUGA DO LAZARO 😂,short,20591,8,1,12.5,0,18,1,0,0,0,0,0,0,0
hlf8CuBXMws,RANK 1 KASSADIN VISITANDO O MESTRE!,longo,9475,40,1,2.5,11,101,0,0,0,0,0,0,0,1
NlMxSXvoztk,O CARA GASTOU 50K PRA FICAR PRESO NO MESTRE ... #leagueoflegendsbrasil,short,8097,11,1,9.1,5,35,1,0,0,0,0,0,0,0
SeRNWYWd7V4,TRESH DONO DO ENGENHO 💀 #leagueoflegends #yiok #games,short,22101,9,1,11.1,0,54,0,0,0,0,0,0,0,1
F7XtKG59y4Q,KASSADIN NA FUGA DO LAZARO 😂 #leagueoflegends #games #yiok,short,15736,8,1,12.5,0,19,0,0,1,0,0,0,0,0
nmPCfoxku2k,ABSOLUT CONHECEU O MELHOR KASSADIN DO MUNDO ! | Yiok,longo,5166,25,1,4.0,5,27,0,0,1,0,0,0,0,0
92KeIj8hsOE,"APÓS 1 ANO, FINALMENTE ENCONTREI A MELHOR RUNA DO KASSADIN !",longo,6512,30,1,3.3,6,45,0,0,1,0,0,0,0,0
VvTJJ6u9n8Y,YIOK CAIU COM 4 HATERS NO CHALLENGER TROLLANDO A PARTIDA!,longo,6386,40,1,2.5,6,80,0,0,0,0,0,1,0,0
S8zUa3KSBj8,TINHA COMO SER PIOR? 🫢 #leagueoflegends #yiok #games,short,5205,11,1,9.1,4,18,1,0,0,0,0,0,0,0
IeNxaErKY7g,TIPO O KAYNE WEST 😂 #leagueoflegendsbrasil,short,22202,11,0,0.0,1,40,0,0,0,0,0,0,0,0
bxVRyxvjqmc,OLHA O NICK DO CARA ... 💀 #leagueoflegendsbrasil,short,11060,3,0,0.0,0,11,0,0,0,0,0,0,0,0
eaMHWygC3PM,BOATE KISS KASSADIN 🤣 #leagueoflegendsbrasil,short,10990,6,0,0.0,3,13,0,0,0,0,0,0,0,0
7STM0pLxRgo,PASSAR EM MEDICINA OU SER MOD DA LIVE 😂,short,13665,9,0,0.0,2,47,0,0,0,0,0,0,0,0
jV1M7FOgJoU,SALVE GUIVEN VIM PELO YIOK ... #leagueoflegends,short,5430,14,0,0.0,3,75,0,0,0,0,0,0,0,0
TRNthMDhtSU,SAPO IMUNDO 😂 #leagueoflegends #yiok,short,26083,13,0,0.0,4,29,0,0,0,0,0,0,0,0
Jyknzm3ZojA,ESSE SYLAS É CEGO 😂 #leagueoflegends #yiok,short,9477,6,0,0.0,0,4,0,0,0,0,0,0,0,0
3-jtcrUTDTw,KARMA INSTANTÂNEO ... #leagueoflegends #yiok #games,short,6357,6,0,0.0,0,19,0,0,0,0,0,0,0,0
AysubRW-kvQ,TIO DO ALANZOKA NO LOL ... #leagueoflegends #yiok #gamers,short,10766,6,0,0.0,1,15,0,0,0,0,0,0,0,0
RtNMWGV4wf8,TRESH FULL AP TA BUGADO 💀 #leagueoflegends #yiok #games,short,22709,13,0,0.0,0,35,0,0,0,0,0,0,0,0
zeYD8_RXrrA,PIJACK PENSO QUE EU IA TROLAR A PARTIDA MAS ISSO ACONTECEU ...,longo,7406,30,0,0.0,2,73,0,0,0,0,0,0,0,0
MhR6WbG2UD0,JOGAR DE ADC É ISSO AE 🫢 #leagueoflegends #yiok #games,short,8940,10,0,0.0,4,7,0,0,0,0,0,0,0,0
jjA-vG38qWU,IMPOSSIVEL ACERTAR SKILL NO YIOK 😂 #leagueoflegends #wildrift,short,10709,6,0,0.0,0,18,0,0,0,0,0,0,0,0
E3ToJX4yMXM,JUKES SURTOU AO CONHECER O PICK SECRETO DO YIOK !,longo,8402,22,0,0.0,1,96,0,0,0,0,0,0,0,0
PIyw-_gHTzU,PAREM DE COMPRAR ESSE ITEM NO KASSADIN ! | Yiok,longo,3267,44,0,0.0,7,48,0,0,0,0,0,0,0,0
7iO7Ygle6sE,KASSADIN DEPOIS DOS BUFFS ESTA IMPARÁVEL ... ! | Yiok,longo,5005,24,0,0.0,4,32,0,0,0,0,0,0,0,0
12oibiOBoSI,TOP 1 KASSADIN TESTA OS NOVOS BUFFS ... * FICOU MUITO FORTE * | Yiok,longo,4320,27,0,0.0,4,19,0,0,0,0,0,0,0,0
ifSpvNYqE2g,COMO O YIOK SE TORNOU O PLAYER MAIS ODIADO DO SERVIDOR !,longo,5962,41,0,0.0,3,103,0,0,0,0,0,0,0,0
DierqZNnOHA,FOI OU NÃO FOI? 🫢 #leagueoflegends #yiok #games,longo,6457,25,0,0.0,6,191,0,0,0,0,0,0,0,0
8q5VFwutoGE,COMO JOGAR CONTRA O MAIOR COUNTER DO KASSADIN ! | Yiok,longo,7004,21,0,0.0,4,42,0,0,0,0,0,0,0,0
6hO01e5kvvQ,PLAYZUDA NO LIMITE! 😎 #leagueoflegends #yiok #games,short,5301,3,0,0.0,0,4,0,0,0,0,0,0,0,0
