videoId,titulo,tipo,views,total_unidades,flagged_mol,pct_flagged,cat_racial_interseccional,cat_body_shaming,cat_sexual_degradante,cat_gamer_misogino,cat_xingamentos_genero,cat_homofobia_misoginia,cat_genitalia_feminina,cat_prostituicao_degradante
Cyai8_m_ZQ8,YIOK FOI ATACADO PELOS GADOS DA COMUNIVIA ... TRETA PESADA !,longo,13105,500,20,4.0,8,0,2,1,4,5,0,0
12oibiOBoSI,TOP 1 KASSADIN TESTA OS NOVOS BUFFS ... * FICOU MUITO FORTE ,longo,4320,356,19,5.3,1,0,12,0,2,5,0,0
9sFGyNdtN8Y,TOP 1 KASSADIN CARREGANDO O @ayellol1 NO CHALLENGER ! | Yiok,longo,6477,359,18,5.0,0,0,16,0,2,0,0,0
r8C57BD7aDc,YIOK SURTA AO VIVO DANDO COACH PARA UM VIEWER BRONZE IV!,longo,4311,776,17,2.2,0,0,12,0,3,2,0,0
ifSpvNYqE2g,COMO O YIOK SE TORNOU O PLAYER MAIS ODIADO DO SERVIDOR !,longo,5962,317,16,5.0,0,0,11,0,2,3,0,0
xJExphI2SRU,YIOK FOI AMEAÇADO AO VIVO PELO MUCALOL !,longo,4994,367,16,4.4,0,0,12,0,2,2,0,0
92KeIj8hsOE,"APÓS 1 ANO, FINALMENTE ENCONTREI A MELHOR RUNA DO KASSADIN !",longo,6512,431,16,3.7,0,3,10,0,0,2,2,0
E3ToJX4yMXM,JUKES SURTOU AO CONHECER O PICK SECRETO DO YIOK !,longo,8402,414,15,3.6,0,0,11,0,3,1,0,0
VvTJJ6u9n8Y,YIOK CAIU COM 4 HATERS NO CHALLENGER TROLLANDO A PARTIDA!,longo,6386,363,13,3.6,1,0,11,0,1,0,0,0
SBT6DCNR4BY,YIOK CAIU CONTRA UMA E-GIRL NO CHALLENGER E FICOU APAIXONADO,longo,10243,347,12,3.5,0,0,12,0,0,0,0,0
PIyw-_gHTzU,PAREM DE COMPRAR ESSE ITEM NO KASSADIN ! | Yiok,longo,3267,233,11,4.7,0,0,10,0,0,1,0,0
zeYD8_RXrrA,PIJACK PENSO QUE EU IA TROLAR A PARTIDA MAS ISSO ACONTECEU .,longo,7406,215,11,5.1,0,0,10,0,1,0,0,0
hlf8CuBXMws,RANK 1 KASSADIN VISITANDO O MESTRE!,longo,9475,260,10,3.8,0,0,3,0,2,5,0,0
6l1hMZZ_3ms,APAVORANDO PRO - PLAYER DA LOUD NO CHALLENGER ! | Yiok,longo,7373,219,9,4.1,0,0,7,0,0,2,0,0
8q5VFwutoGE,COMO JOGAR CONTRA O MAIOR COUNTER DO KASSADIN ! | Yiok,longo,7004,274,8,2.9,0,0,7,0,1,0,0,0
7iO7Ygle6sE,KASSADIN DEPOIS DOS BUFFS ESTA IMPARÁVEL ... ! | Yiok,longo,5005,351,6,1.7,0,0,3,0,1,2,0,0
ct2DIjWG4uM,OFICIALMENTE DE VOLTA AO CHALLENGER !,longo,7629,249,6,2.4,0,0,6,0,0,0,0,0
nmPCfoxku2k,ABSOLUT CONHECEU O MELHOR KASSADIN DO MUNDO ! | Yiok,longo,5166,254,4,1.6,0,0,3,0,1,0,0,0
DjhpGJAZBi8,A RIOT ADICIONOU UM BUFF EXTRA OCULTO NO KASSADIN ! | Yiok,longo,3790,389,4,1.0,0,0,3,0,1,0,0,0
0sD6xl3EFbo,TUDO O QUE VOCÊ PRECISA SABER - GUIA DEFINITIVO CHALLENGER K,longo,21067,1266,3,0.2,0,0,2,0,0,1,0,0
_8W2fSnL1vY,LATE GAME KASSADIN ☠️,longo,4853,278,2,0.7,0,0,2,0,0,0,0,0
S8zUa3KSBj8,TINHA COMO SER PIOR? 🫢 #leagueoflegends #yiok #games,short,5205,1,0,0.0,0,0,0,0,0,0,0,0
w4wrS-f4oFo,O COISA RUIM DE KASSADIN ... #leagueoflegendsbrasil,short,8835,3,0,0.0,0,0,0,0,0,0,0,0
3-jtcrUTDTw,KARMA INSTANTÂNEO ... #leagueoflegends #yiok #games,short,6357,7,0,0.0,0,0,0,0,0,0,0,0
jV1M7FOgJoU,SALVE GUIVEN VIM PELO YIOK ... #leagueoflegends,short,5430,2,0,0.0,0,0,0,0,0,0,0,0
SeRNWYWd7V4,TRESH DONO DO ENGENHO 💀 #leagueoflegends #yiok #games,short,22101,2,0,0.0,0,0,0,0,0,0,0,0
DierqZNnOHA,FOI OU NÃO FOI? 🫢 #leagueoflegends #yiok #games,longo,6457,55,0,0.0,0,0,0,0,0,0,0,0
bxVRyxvjqmc,OLHA O NICK DO CARA ... 💀 #leagueoflegendsbrasil,short,11060,4,0,0.0,0,0,0,0,0,0,0,0
cyk1wQGe3tE,KASSADOLF NA FUGA DO LAZARO 😂,short,20591,7,0,0.0,0,0,0,0,0,0,0,0
AysubRW-kvQ,TIO DO ALANZOKA NO LOL ... #leagueoflegends #yiok #gamers,short,10766,5,0,0.0,0,0,0,0,0,0,0,0
NlMxSXvoztk,O CARA GASTOU 50K PRA FICAR PRESO NO MESTRE ... #leagueofleg,short,8097,10,0,0.0,0,0,0,0,0,0,0,0
jjA-vG38qWU,IMPOSSIVEL ACERTAR SKILL NO YIOK 😂 #leagueoflegends #wildrif,short,10709,8,0,0.0,0,0,0,0,0,0,0,0
IeNxaErKY7g,TIPO O KAYNE WEST 😂 #leagueoflegendsbrasil,short,22202,7,0,0.0,0,0,0,0,0,0,0,0
F7XtKG59y4Q,KASSADIN NA FUGA DO LAZARO 😂 #leagueoflegends #games #yiok,short,15736,15,0,0.0,0,0,0,0,0,0,0,0
slhtOG9uSmQ,KASSADOLA DO ESTUDO ! #leagueoflegendsbrasil,short,8662,4,0,0.0,0,0,0,0,0,0,0,0
Jyknzm3ZojA,ESSE SYLAS É CEGO 😂 #leagueoflegends #yiok,short,9477,2,0,0.0,0,0,0,0,0,0,0,0
MhR6WbG2UD0,JOGAR DE ADC É ISSO AE 🫢 #leagueoflegends #yiok #games,short,8940,5,0,0.0,0,0,0,0,0,0,0,0
TRNthMDhtSU,SAPO IMUNDO 😂 #leagueoflegends #yiok,short,26083,6,0,0.0,0,0,0,0,0,0,0,0
eaMHWygC3PM,BOATE KISS KASSADIN 🤣 #leagueoflegendsbrasil,short,10990,4,0,0.0,0,0,0,0,0,0,0,0
6hO01e5kvvQ,PLAYZUDA NO LIMITE! 😎 #leagueoflegends #yiok #games,short,5301,1,0,0.0,0,0,0,0,0,0,0,0
PGFU_utw5qg,E ASSIM QUE O TOP 1 KASSADIN DO BRASIL JOGA !,short,5922,2,0,0.0,0,0,0,0,0,0,0,0
RtNMWGV4wf8,TRESH FULL AP TA BUGADO 💀 #leagueoflegends #yiok #games,short,22709,8,0,0.0,0,0,0,0,0,0,0,0
7STM0pLxRgo,PASSAR EM MEDICINA OU SER MOD DA LIVE 😂,short,13665,8,0,0.0,0,0,0,0,0,0,0,0
