metrica,valor
total_videos,43
videos_longos,22
videos_shorts,21
total_comentarios,1222
comentarios_flagged,61
comentarios_nao_flagged,1161
pct_flagged,5.0
videos_com_flagged,22
videos_sem_flagged,21
max_flagged_por_video,19
media_flagged_por_video,1.4

categoria,frequencia,pct_do_total_flagged
xingamentos_genero,11,18.0
genitalia_feminina,1,1.6
body_shaming,14,23.0
gamer_misogino,7,11.5
homofobia_misoginia,1,1.6
sexual_degradante,13,21.3
prostituicao_degradante,0,0.0
racial_interseccional,18,29.5
