videoId,segmento,inicio_s,fim_s,texto,n_matches,flag_mol,termos_encontrados,categorias_encontradas,cat_racial_interseccional,cat_body_shaming,cat_sexual_degradante,cat_gamer_misogino,cat_xingamentos_genero,cat_homofobia_misoginia,cat_genitalia_feminina,cat_prostituicao_degradante
9sFGyNdtN8Y,56,136.98,139.24,"Caralho, pegou o level 6, cara",1,1,caralho,sexual_degradante,0,0,1,0,0,0,0,0
9sFGyNdtN8Y,62,148.9,155.44,"Caralho, mano, louco",1,1,caralho,sexual_degradante,0,0,1,0,0,0,0,0
9sFGyNdtN8Y,101,309.77,316.36,aberração cara que eu vou tudo fez a play por da favela se matou ainda caralho meu,1,1,caralho,sexual_degradante,0,0,1,0,0,0,0,0
9sFGyNdtN8Y,105,334.18,341.18,"Ai meu deus, teve uma treta de 50 horas aqui no bot side e não gastou ult essa piranha ainda mano.",1,1,piranha,xingamentos_genero,0,0,0,0,1,0,0,0
9sFGyNdtN8Y,133,473.97,486.46,coitado também amador salvou tudo para caralho pô a madrugada quebrou o que é o foda que ela,1,1,caralho,sexual_degradante,0,0,1,0,0,0,0,0
9sFGyNdtN8Y,140,522.62,524.06,"Caralho, só não fighta, cara.",1,1,caralho,sexual_degradante,0,0,1,0,0,0,0,0
9sFGyNdtN8Y,159,575.83,581.75,"Caralho, como os caras sabiam que nós tava aqui, mano",1,1,caralho,sexual_degradante,0,0,1,0,0,0,0,0
9sFGyNdtN8Y,174,625.33,626.97,"Caralho, o Ael tá sendo estuprado, cara.",1,1,caralho,sexual_degradante,0,0,1,0,0,0,0,0
9sFGyNdtN8Y,190,689.17,691.49,"Caralho, peguei cheat dao",1,1,caralho,sexual_degradante,0,0,1,0,0,0,0,0
9sFGyNdtN8Y,199,703.07,706.21,"Caralho, que susto que eu levei, mano",1,1,caralho,sexual_degradante,0,0,1,0,0,0,0,0
9sFGyNdtN8Y,201,706.71,707.93,"Tem pra ouvir essa bosta, caralho",1,1,caralho,sexual_degradante,0,0,1,0,0,0,0,0
9sFGyNdtN8Y,222,761.6,762.86,"Cara, levei um susto do caralho, mano",1,1,caralho,sexual_degradante,0,0,1,0,0,0,0,0
9sFGyNdtN8Y,223,762.86,765.66,"Caralho, levei muito susto, mano, tá louco",1,1,caralho,sexual_degradante,0,0,1,0,0,0,0,0
9sFGyNdtN8Y,279,907.58,915.07,"Caralho, tem muita... Mano, os caras estão com muita visão negra",1,1,caralho,sexual_degradante,0,0,1,0,0,0,0,0
9sFGyNdtN8Y,287,938.37,940.15,"Que filha da puta, desgraçada",1,1,puta,xingamentos_genero,0,0,0,0,1,0,0,0
9sFGyNdtN8Y,298,959.03,961.81,"Caralho, me deu muito dano também, mano",1,1,caralho,sexual_degradante,0,0,1,0,0,0,0,0
9sFGyNdtN8Y,328,1032.06,1033.34,"Caralho, eles estão pôndo mísseis.",1,1,caralho,sexual_degradante,0,0,1,0,0,0,0,0
9sFGyNdtN8Y,355,1106.99,1109.93,"vamos, Elzudo, vamos, Elzudo, caralho",1,1,caralho,sexual_degradante,0,0,1,0,0,0,0,0
PIyw-_gHTzU,1,0.0,4.74,"Por que você não faz oa, mano? Porque o item geral é podre, esse item aqui é asqueroso, item de viado essa merda",1,1,viado,homofobia_misoginia,0,0,0,0,0,1,0,0
PIyw-_gHTzU,65,147.74,149.68,"Caralho, seu fodido rando podre, cara!",1,1,caralho,sexual_degradante,0,0,1,0,0,0,0,0
PIyw-_gHTzU,117,327.26,328.9,"Caralho, cara, mandou 30 dólares, louco",1,1,caralho,sexual_degradante,0,0,1,0,0,0,0,0
PIyw-_gHTzU,128,357.41,358.49,"Mano, caralho, muitos que eu...",1,1,caralho,sexual_degradante,0,0,1,0,0,0,0,0
PIyw-_gHTzU,164,442.74,443.74,"Caralho, que porra é essa, mano?",1,1,caralho,sexual_degradante,0,0,1,0,0,0,0,0
PIyw-_gHTzU,175,537.42,543.04,vocês estão com Deus aí mas eu vou meter o pé tá ligado eu posso ter caralho meu bem para o,1,1,caralho,sexual_degradante,0,0,1,0,0,0,0,0
PIyw-_gHTzU,195,642.87,645.77,"Caralho, mano, por que esse troco estanca tanto",1,1,caralho,sexual_degradante,0,0,1,0,0,0,0,0
PIyw-_gHTzU,202,668.77,675.55,"Caralho, eu tô imbecil",1,1,caralho,sexual_degradante,0,0,1,0,0,0,0,0
PIyw-_gHTzU,209,686.15,689.09,"Caralho, bar do faísca, mano",1,1,caralho,sexual_degradante,0,0,1,0,0,0,0,0
PIyw-_gHTzU,220,707.35,707.87,"Pra caralho, né?",1,1,caralho,sexual_degradante,0,0,1,0,0,0,0,0
PIyw-_gHTzU,232,752.1,753.38,"Caralho, esse game é aqui, mano.",1,1,caralho,sexual_degradante,0,0,1,0,0,0,0,0
ifSpvNYqE2g,13,23.91,25.41,"O viado, as comunidades de viado",2,1,viado,homofobia_misoginia,0,0,0,0,0,1,0,0
ifSpvNYqE2g,20,38.01,40.31,"viada que tem esse jogo podre aqui, de jogo de magia",1,1,viada,homofobia_misoginia,0,0,0,0,0,1,0,0
ifSpvNYqE2g,54,104.29,106.85,"Se cair viado no time, o 10 tá pra campo",1,1,viado,homofobia_misoginia,0,0,0,0,0,1,0,0
ifSpvNYqE2g,64,122.55,124.63,"Caralho, que porra é essa?",1,1,caralho,sexual_degradante,0,0,1,0,0,0,0,0
ifSpvNYqE2g,72,138.27,140.49,"Caralho, isso aqui é antigo, hein, mano? Caralho, isso aqui é antigaço",2,1,caralho,sexual_degradante,0,0,1,0,0,0,0,0
ifSpvNYqE2g,73,140.49,142.29,"Caralho, mano",1,1,caralho,sexual_degradante,0,0,1,0,0,0,0,0
ifSpvNYqE2g,88,167.73,168.93,Caralho,1,1,caralho,sexual_degradante,0,0,1,0,0,0,0,0
ifSpvNYqE2g,93,175.41,178.53,"Ó, aqui ó, que caralho, ó, que porra, mano, por que que cê faz...",1,1,caralho,sexual_degradante,0,0,1,0,0,0,0,0
ifSpvNYqE2g,94,178.53,182.45,"Caralho, mano, meu Deus, cara.",1,1,caralho,sexual_degradante,0,0,1,0,0,0,0,0
ifSpvNYqE2g,133,276.2,278.22,Tu é um bau... Que caralho,1,1,caralho,sexual_degradante,0,0,1,0,0,0,0,0
ifSpvNYqE2g,142,295.02,295.54,Caralho,1,1,caralho,sexual_degradante,0,0,1,0,0,0,0,0
ifSpvNYqE2g,155,321.28,321.84,"Caralho, tá...",1,1,caralho,sexual_degradante,0,0,1,0,0,0,0,0
ifSpvNYqE2g,212,476.93,477.89,"Que piranha, mano",1,1,piranha,xingamentos_genero,0,0,0,0,1,0,0,0
ifSpvNYqE2g,231,519.39,520.31,"Puto cara, mano.",1,1,puto,xingamentos_genero,0,0,0,0,1,0,0,0
ifSpvNYqE2g,242,534.31,534.63,Caralho.,1,1,caralho,sexual_degradante,0,0,1,0,0,0,0,0
ifSpvNYqE2g,295,683.07,683.85,"Caralho, que cara, mano?",1,1,caralho,sexual_degradante,0,0,1,0,0,0,0,0
SBT6DCNR4BY,11,8.84,9.48,"Caralho, mano",1,1,caralho,sexual_degradante,0,0,1,0,0,0,0,0
SBT6DCNR4BY,18,14.7,16.0,"Caralho, vai ser um moleque",1,1,caralho,sexual_degradante,0,0,1,0,0,0,0,0
SBT6DCNR4BY,59,88.78,91.68,"Caralho, cara, caralho",2,1,caralho,sexual_degradante,0,0,1,0,0,0,0,0
SBT6DCNR4BY,68,106.04,112.94,"Caralho, mano",1,1,caralho,sexual_degradante,0,0,1,0,0,0,0,0
SBT6DCNR4BY,76,129.8,131.46,"Eu sou gente boa pra caralho, mano",1,1,caralho,sexual_degradante,0,0,1,0,0,0,0,0
SBT6DCNR4BY,78,133.52,135.38,"Que eu sou não sei o que, eu sou gente boa pra caralho, viu",1,1,caralho,sexual_degradante,0,0,1,0,0,0,0,0
SBT6DCNR4BY,118,189.5,190.04,Vai se foder.,1,1,foder,sexual_degradante,0,0,1,0,0,0,0,0
SBT6DCNR4BY,146,259.23,262.55,"Onde tá? Caralho, meu Deus, what the fuck, caralho, meu Deus, mano.",2,1,caralho,sexual_degradante,0,0,1,0,0,0,0,0
SBT6DCNR4BY,173,333.38,335.88,"Mas os caras tão pingando pra caralho o mapa, achei estranho, tá ligado?",1,1,caralho,sexual_degradante,0,0,1,0,0,0,0,0
SBT6DCNR4BY,241,498.43,502.41,"Caralho, o cara vai invadir você assim, cara",1,1,caralho,sexual_degradante,0,0,1,0,0,0,0,0
SBT6DCNR4BY,286,627.15,628.55,"Caralho, ele matou eu ainda, cara.",1,1,caralho,sexual_degradante,0,0,1,0,0,0,0,0
SBT6DCNR4BY,310,703.35,705.95,"Caralho, é pra eu tentar esse game",1,1,caralho,sexual_degradante,0,0,1,0,0,0,0,0
zeYD8_RXrrA,5,8.46,10.16,"Caralho, que bando de malditos, mano.",1,1,caralho,sexual_degradante,0,0,1,0,0,0,0,0
zeYD8_RXrrA,15,29.75,31.45,"Puta que pariu. E ó, que agomax.",1,1,puta,xingamentos_genero,0,0,0,0,1,0,0,0
zeYD8_RXrrA,23,67.8,69.48,"Dá banner minha pica, é isso, o random",1,1,pica,sexual_degradante,0,0,1,0,0,0,0,0
zeYD8_RXrrA,48,118.8,151.16,"Ok, ADC, caça de embalo de champion, esse ali é um crachaço, animal, caralho, que ponto, tem um gota, cara, eu falo só em bachatô, hein, o cara pensa de gota, eu vou falar em bachatô de caça a dof, mano, bom, é isso, né, dois, dois bons seguidos tomaram, não, acho que não, eu fui em bot agora, tomar esses bons pra minha conta aqui vai ficar louco, mano, isso aí é meio bizarro, mano, minha conta chega no pé dos 1kpd, levar a boa, isso aí tá louco, mano, se essa minha conta levar a boa, acabou, eu vou aceitar,",1,1,caralho,sexual_degradante,0,0,1,0,0,0,0,0
zeYD8_RXrrA,79,237.88,240.42,"Pô cara, melhorei pra caralho de caça-dolas",1,1,caralho,sexual_degradante,0,0,1,0,0,0,0,0
zeYD8_RXrrA,96,273.04,274.64,"Caralho, mano",1,1,caralho,sexual_degradante,0,0,1,0,0,0,0,0
zeYD8_RXrrA,154,458.87,460.81,"Caralho, meu, de que porra é essa?",1,1,caralho,sexual_degradante,0,0,1,0,0,0,0,0
zeYD8_RXrrA,159,467.77,470.25,"Caralho, tamo juntasso, mano",1,1,caralho,sexual_degradante,0,0,1,0,0,0,0,0
zeYD8_RXrrA,189,554.08,556.34,"Caralho, é nóis",1,1,caralho,sexual_degradante,0,0,1,0,0,0,0,0
zeYD8_RXrrA,201,596.6,600.12,"Caralho, que eu mandei 50 reais, o que que é isso?",1,1,caralho,sexual_degradante,0,0,1,0,0,0,0,0
zeYD8_RXrrA,202,601.46,602.84,"Caralho, mano, ô louco",1,1,caralho,sexual_degradante,0,0,1,0,0,0,0,0
7iO7Ygle6sE,57,155.52,160.52,"meu time aqui. Todo mundo é aberração, mano. É viado mesmo, cara. Os caras erram",1,1,viado,homofobia_misoginia,0,0,0,0,0,1,0,0
7iO7Ygle6sE,79,212.97,214.65,"O Zé Pézinho tem que ser muito viado, o Zé Pézinho, mano.",1,1,viado,homofobia_misoginia,0,0,0,0,0,1,0,0
7iO7Ygle6sE,148,406.09,409.75,"Pega ele da fonte pra caralho, tá com dois levels em cima de mim, mano.",1,1,caralho,sexual_degradante,0,0,1,0,0,0,0,0
7iO7Ygle6sE,270,722.46,724.84,"Puta, mano",1,1,puta,xingamentos_genero,0,0,0,0,1,0,0,0
7iO7Ygle6sE,300,801.76,806.3,"Caralho, conta chase",1,1,caralho,sexual_degradante,0,0,1,0,0,0,0,0
7iO7Ygle6sE,329,954.04,955.08,"Caralho, não para de...",1,1,caralho,sexual_degradante,0,0,1,0,0,0,0,0
xJExphI2SRU,1,0.0,5.92,"O Mukalão te enfapou pra caralho nesse Omegle zudo, na moral, isso é sério, bora ver então, bora ver então, vou dar o play zudo aqui então, mano",1,1,caralho,sexual_degradante,0,0,1,0,0,0,0,0
xJExphI2SRU,2,5.92,9.3,"Ele chegou até te ameaçar, caralho, que isso, mano",1,1,caralho,sexual_degradante,0,0,1,0,0,0,0,0
xJExphI2SRU,8,25.34,28.94,"Caralho, tô emocionado aqui, mano, tô emocionado aqui, mano, que isso, é nóis",1,1,caralho,sexual_degradante,0,0,1,0,0,0,0,0
xJExphI2SRU,15,39.98,42.94,"Caralho, eu tô seco, mano, meu Deus, mano",1,1,caralho,sexual_degradante,0,0,1,0,0,0,0,0
xJExphI2SRU,35,71.54,72.94,"Caralho, até eu tô com medo agora, hein, mano.",1,1,caralho,sexual_degradante,0,0,1,0,0,0,0,0
xJExphI2SRU,38,76.82,77.28,"Caralho, mano.",1,1,caralho,sexual_degradante,0,0,1,0,0,0,0,0
xJExphI2SRU,48,91.54,93.08,"Vamos ter que virar viado, beleza?",1,1,viado,homofobia_misoginia,0,0,0,0,0,1,0,0
xJExphI2SRU,58,112.94,115.4,"Eu falo, caralho, que bot tem de centavos, tá bom?",1,1,caralho,sexual_degradante,0,0,1,0,0,0,0,0
xJExphI2SRU,75,147.48,149.68,"Que tu ia falar assim, caralho, sempre que eu for brincar",1,1,caralho,sexual_degradante,0,0,1,0,0,0,0,0
xJExphI2SRU,82,161.12,162.74,Nós temos que virar viada agora,1,1,viada,homofobia_misoginia,0,0,0,0,0,1,0,0
xJExphI2SRU,88,172.94,179.16,"Caralho, mano",1,1,caralho,sexual_degradante,0,0,1,0,0,0,0,0
xJExphI2SRU,162,303.8,308.33,"Caralho, mano, só dá um bilhão de gana",1,1,caralho,sexual_degradante,0,0,1,0,0,0,0,0
xJExphI2SRU,163,308.33,309.29,Nessa piranha aqui,1,1,piranha,xingamentos_genero,0,0,0,0,1,0,0,0
xJExphI2SRU,206,408.22,409.12,"Calma aí também, né, puta",1,1,puta,xingamentos_genero,0,0,0,0,1,0,0,0
xJExphI2SRU,280,588.37,591.15,"Caralho, me deu muito dano, mano",1,1,caralho,sexual_degradante,0,0,1,0,0,0,0,0
xJExphI2SRU,329,692.79,695.23,"Caralho, eu fiquei parado",1,1,caralho,sexual_degradante,0,0,1,0,0,0,0,0
12oibiOBoSI,13,22.48,24.32,"Caralho, mano, deixa eu ver agora o que vai bufar, mano",1,1,caralho,sexual_degradante,0,0,1,0,0,0,0,0
12oibiOBoSI,26,48.54,50.18,Já que meu faro AP rate muda pra caralho,1,1,caralho,sexual_degradante,0,0,1,0,0,0,0,0
12oibiOBoSI,27,50.18,50.98,"Pra caralho, pra caralho",2,1,caralho,sexual_degradante,0,0,1,0,0,0,0,0
12oibiOBoSI,29,53.98,56.12,O problema agora é começar uns bans de viadinho,1,1,viadinho,homofobia_misoginia,0,0,0,0,0,1,0,0
12oibiOBoSI,32,58.78,60.72,"Eu sou viadinho aqui, jogo de Lux aqui",1,1,viadinho,homofobia_misoginia,0,0,0,0,0,1,0,0
12oibiOBoSI,34,61.98,64.14,"Caralho, mano, eu pensei, vou fazer o quê, mano?",1,1,caralho,sexual_degradante,0,0,1,0,0,0,0,0
12oibiOBoSI,36,67.76,69.64,"Caralho, meu velho, eu vou ter que testar agora",1,1,caralho,sexual_degradante,0,0,1,0,0,0,0,0
12oibiOBoSI,41,76.44,79.62,"Nossa, vai limpar caralho aqui, meu Deus",1,1,caralho,sexual_degradante,0,0,1,0,0,0,0,0
12oibiOBoSI,77,191.16,193.82,"Caralho, meu campanho é podre e ele é gamer, sacou desse nível também, mano.",1,1,caralho,sexual_degradante,0,0,1,0,0,0,0,0
12oibiOBoSI,83,203.6,205.9,"Agora que eu quero descer essa vadia aqui, mano",1,1,vadia,xingamentos_genero,0,0,0,0,1,0,0,0
12oibiOBoSI,90,221.97,226.91,"Boa noite, neguinho, boa noite, meu andrel, boa noite, neguxo",1,1,neguinho,racial_interseccional,1,0,0,0,0,0,0,0
12oibiOBoSI,94,235.0,243.04,o tempo que eu fiz saber daqui da real mano Caralho eu fiz a minha visão mas não sei que,1,1,caralho,sexual_degradante,0,0,1,0,0,0,0,0
12oibiOBoSI,127,359.32,360.74,"Essa vadia tinha flecha e zudo, mano.",1,1,vadia,xingamentos_genero,0,0,0,0,1,0,0,0
12oibiOBoSI,136,386.28,387.3,"Caralho, a gente jogou bem pra caralho.",2,1,caralho,sexual_degradante,0,0,1,0,0,0,0,0
12oibiOBoSI,160,433.18,433.38,Caralho,1,1,caralho,sexual_degradante,0,0,1,0,0,0,0,0
12oibiOBoSI,161,433.38,438.32,"Caralho, tem metido tanta merda, cara",1,1,caralho,sexual_degradante,0,0,1,0,0,0,0,0
12oibiOBoSI,229,636.01,637.21,"Mano, o que é isso, viado?",1,1,viado,homofobia_misoginia,0,0,0,0,0,1,0,0
12oibiOBoSI,258,721.94,723.46,"Caralho, que porra é essa, viado",2,1,caralho; viado,homofobia_misoginia; sexual_degradante,0,0,1,0,0,1,0,0
12oibiOBoSI,312,857.81,858.93,"Que porra é essa, viado?",1,1,viado,homofobia_misoginia,0,0,0,0,0,1,0,0
Cyai8_m_ZQ8,56,121.08,122.24,"Esse LoL de gado aqui, mano",1,1,gado,gamer_misogino,0,0,0,1,0,0,0,0
Cyai8_m_ZQ8,76,145.26,147.88,"Ó, eu falei QI de macaco, mas sabe como é que é o Twitter, né",1,1,macaco,racial_interseccional,1,0,0,0,0,0,0,0
Cyai8_m_ZQ8,78,149.62,152.16,"Ele usou o termo QI de macaco, não pode usar isso",1,1,macaco,racial_interseccional,1,0,0,0,0,0,0,0
Cyai8_m_ZQ8,79,152.16,154.14,"Deixei bem claro ainda, QI de macaco, tá bom",1,1,macaco,racial_interseccional,1,0,0,0,0,0,0,0
Cyai8_m_ZQ8,92,177.12,179.12,"Tá meio cara de queijo macaco, tá meio escatiltor.",1,1,macaco,racial_interseccional,1,0,0,0,0,0,0,0
Cyai8_m_ZQ8,112,217.24,219.22,"os caras são viadinho aí. Os caras são viadinho,",2,1,viadinho,homofobia_misoginia,0,0,0,0,0,1,0,0
Cyai8_m_ZQ8,113,219.3,221.36,como é de logo viadinho. Muitos só tem viado nessa merda,2,1,viadinho; viado,homofobia_misoginia,0,0,0,0,0,1,0,0
Cyai8_m_ZQ8,124,240.98,243.1,Eu não ser um viadinho,1,1,viadinho,homofobia_misoginia,0,0,0,0,0,1,0,0
Cyai8_m_ZQ8,127,246.48,249.04,E dando em cima de própria web puta do cenário,1,1,puta,xingamentos_genero,0,0,0,0,1,0,0,0
Cyai8_m_ZQ8,223,424.22,424.66,Caralho!,1,1,caralho,sexual_degradante,0,0,1,0,0,0,0,0
Cyai8_m_ZQ8,277,523.0,524.32,Que é a comunidade de viadinho de League,1,1,viadinho,homofobia_misoginia,0,0,0,0,0,1,0,0
Cyai8_m_ZQ8,283,534.94,537.42,Olha os comentários dessa comunidade de viadinho,1,1,viadinho,homofobia_misoginia,0,0,0,0,0,1,0,0
Cyai8_m_ZQ8,287,541.96,544.68,"E ó, que puta que pariu, o cara pertence aos subúrbios",1,1,puta,xingamentos_genero,0,0,0,0,1,0,0,0
Cyai8_m_ZQ8,357,777.51,787.92,"Caralho, cara",1,1,caralho,sexual_degradante,0,0,1,0,0,0,0,0
Cyai8_m_ZQ8,362,807.97,814.94,Títio dos macaquinhos de castelo mandou 2 reais,1,1,macaquinhos,racial_interseccional,1,0,0,0,0,0,0,0
Cyai8_m_ZQ8,363,814.94,816.56,Neguinho do Títio,1,1,neguinho,racial_interseccional,1,0,0,0,0,0,0,0
Cyai8_m_ZQ8,367,821.34,823.7,Já dei 30 roblox pro neguinho do Davizinho,1,1,neguinho,racial_interseccional,1,0,0,0,0,0,0,0
Cyai8_m_ZQ8,369,825.06,828.24,O neguinho tem as mauzinhas lisa e agora falta você macaco,2,1,macaco; neguinho,racial_interseccional,1,0,0,0,0,0,0,0
Cyai8_m_ZQ8,378,870.68,877.38,técnica de casa na reta da reta do louco mas ele ganhou o atendimento da puta e,1,1,puta,xingamentos_genero,0,0,0,0,1,0,0,0
Cyai8_m_ZQ8,480,1234.17,1241.25,eu sei que você viu que aí é da puta fiz a puta de podres para que game mano faz,2,1,puta,xingamentos_genero,0,0,0,0,1,0,0,0
hlf8CuBXMws,11,36.12,37.92,"Você gosta de mulher? Não, eu sou viado",1,1,viado,homofobia_misoginia,0,0,0,0,0,1,0,0
hlf8CuBXMws,15,45.36,47.2,Normal ou se eu sou viado,1,1,viado,homofobia_misoginia,0,0,0,0,0,1,0,0
hlf8CuBXMws,18,51.42,53.5,Se eu sou normal ou viado,1,1,viado,homofobia_misoginia,0,0,0,0,0,1,0,0
hlf8CuBXMws,20,54.62,57.0,"Eu posso ser viado, cara",1,1,viado,homofobia_misoginia,0,0,0,0,0,1,0,0
hlf8CuBXMws,107,422.03,423.79,"Um chão que tem C é bom pra caralho, mano.",1,1,caralho,sexual_degradante,0,0,1,0,0,0,0,0
hlf8CuBXMws,141,558.88,567.16,útil ainda mano eu peguei para ser estuprado caralho cara tem ultimate ainda mano o cara,1,1,caralho,sexual_degradante,0,0,1,0,0,0,0,0
hlf8CuBXMws,187,710.33,716.89,eu sempre com essa de ok saudades a coroa nosso campeão a hitler mano e da puta do,1,1,puta,xingamentos_genero,0,0,0,0,1,0,0,0
hlf8CuBXMws,230,885.14,886.72,"Caralho, eu vou tirar a exclamação",1,1,caralho,sexual_degradante,0,0,1,0,0,0,0,0
hlf8CuBXMws,241,916.47,917.79,"Não, filho da puta, ué",1,1,puta,xingamentos_genero,0,0,0,0,1,0,0,0
hlf8CuBXMws,247,930.01,933.15,"Meu ex, cara, aqui é louco, viado",1,1,viado,homofobia_misoginia,0,0,0,0,0,1,0,0
_8W2fSnL1vY,204,478.43,479.19,"Caralho, não levei Execute,",1,1,caralho,sexual_degradante,0,0,1,0,0,0,0,0
_8W2fSnL1vY,246,586.13,588.69,"Caralho, que porra é essa, cara",1,1,caralho,sexual_degradante,0,0,1,0,0,0,0,0
VvTJJ6u9n8Y,18,63.18,64.42,"Caralho, mano",1,1,caralho,sexual_degradante,0,0,1,0,0,0,0,0
VvTJJ6u9n8Y,37,99.22,101.18,"Caralho, é isso então o desudo",1,1,caralho,sexual_degradante,0,0,1,0,0,0,0,0
VvTJJ6u9n8Y,91,180.28,182.44,"Fala, neguinho do morro",1,1,neguinho,racial_interseccional,1,0,0,0,0,0,0,0
VvTJJ6u9n8Y,95,188.5,190.54,"Caralho, cara, mas eu não tô com a luta",1,1,caralho,sexual_degradante,0,0,1,0,0,0,0,0
VvTJJ6u9n8Y,97,192.2,194.44,"Caralho, vou com a luta",1,1,caralho,sexual_degradante,0,0,1,0,0,0,0,0
VvTJJ6u9n8Y,101,199.34,205.08,"Caralho, cara, mas a ideia está entrando, cara",1,1,caralho,sexual_degradante,0,0,1,0,0,0,0,0
VvTJJ6u9n8Y,129,242.53,243.63,Caralho,1,1,caralho,sexual_degradante,0,0,1,0,0,0,0,0
VvTJJ6u9n8Y,145,269.36,270.86,"Caralho, não tem a D na minha comp, mano.",1,1,caralho,sexual_degradante,0,0,1,0,0,0,0,0
VvTJJ6u9n8Y,170,320.68,322.86,"Caralho, mano, meu Deus, mano",1,1,caralho,sexual_degradante,0,0,1,0,0,0,0,0
VvTJJ6u9n8Y,202,370.07,371.11,"Caralho, por que tá sem som",1,1,caralho,sexual_degradante,0,0,1,0,0,0,0,0
VvTJJ6u9n8Y,226,425.0,428.85,"Caralho, mas isso é muito animal, hein, mano",1,1,caralho,sexual_degradante,0,0,1,0,0,0,0,0
VvTJJ6u9n8Y,245,460.22,462.34,"Me cura, piranha, me cura",1,1,piranha,xingamentos_genero,0,0,0,0,1,0,0,0
VvTJJ6u9n8Y,333,697.73,701.23,"Caralho, mano",1,1,caralho,sexual_degradante,0,0,1,0,0,0,0,0
E3ToJX4yMXM,36,56.7,58.7,"Aí você manda assim no chat, caralho",1,1,caralho,sexual_degradante,0,0,1,0,0,0,0,0
E3ToJX4yMXM,86,180.32,182.26,"O cara, mano, o cara buildou que nem uma puta",1,1,puta,xingamentos_genero,0,0,0,0,1,0,0,0
E3ToJX4yMXM,93,193.84,195.98,"Caralho, mano",1,1,caralho,sexual_degradante,0,0,1,0,0,0,0,0
E3ToJX4yMXM,104,215.04,217.62,"Pessoa viu, mano, uma infestação de viado",1,1,viado,homofobia_misoginia,0,0,0,0,0,1,0,0
E3ToJX4yMXM,113,232.12,235.32,"Caralho, muito, mano",1,1,caralho,sexual_degradante,0,0,1,0,0,0,0,0
E3ToJX4yMXM,119,245.52,248.08,"Caralho, que que é isso? O dano que eu dei no game, cara",1,1,caralho,sexual_degradante,0,0,1,0,0,0,0,0
E3ToJX4yMXM,124,255.5,259.64,"Caralho, meu Deus, mano",1,1,caralho,sexual_degradante,0,0,1,0,0,0,0,0
E3ToJX4yMXM,147,297.98,299.34,"Puta que pariu, cadê o flash parado?",1,1,puta,xingamentos_genero,0,0,0,0,1,0,0,0
E3ToJX4yMXM,163,326.58,331.85,"Caralho, o cara tá me molhando, mano",1,1,caralho,sexual_degradante,0,0,1,0,0,0,0,0
E3ToJX4yMXM,226,443.61,445.59,"Caralho, fuzilou minha torre, mano",1,1,caralho,sexual_degradante,0,0,1,0,0,0,0,0
E3ToJX4yMXM,291,626.11,628.31,"Caralho, que bancho",1,1,caralho,sexual_degradante,0,0,1,0,0,0,0,0
E3ToJX4yMXM,292,628.31,630.15,"Avelados, cara, que puta é essa, cara",1,1,puta,xingamentos_genero,0,0,0,0,1,0,0,0
E3ToJX4yMXM,304,670.64,672.9,"caralho, falta gold pra cacete ainda",1,1,caralho,sexual_degradante,0,0,1,0,0,0,0,0
E3ToJX4yMXM,340,756.27,758.09,"Peguei 2x16 pra caralho, né",1,1,caralho,sexual_degradante,0,0,1,0,0,0,0,0
E3ToJX4yMXM,383,864.01,866.61,"Caralho, mano",1,1,caralho,sexual_degradante,0,0,1,0,0,0,0,0
8q5VFwutoGE,116,351.26,351.8,"Caralho, mano.",1,1,caralho,sexual_degradante,0,0,1,0,0,0,0,0
8q5VFwutoGE,143,413.48,414.52,"Caralho, o cara me matou em olho.",1,1,caralho,sexual_degradante,0,0,1,0,0,0,0,0
8q5VFwutoGE,160,486.3,488.14,"Caralho, quase pegou em mim isso aqui, mano.",1,1,caralho,sexual_degradante,0,0,1,0,0,0,0,0
8q5VFwutoGE,164,506.75,508.03,"Tinha flecha, piranha, mano!",1,1,piranha,xingamentos_genero,0,0,0,0,1,0,0,0
8q5VFwutoGE,188,557.66,559.7,"A gente faz barulho rápido e nem foder, na real, mano.",1,1,foder,sexual_degradante,0,0,1,0,0,0,0,0
8q5VFwutoGE,214,620.74,622.12,"Caralho, mano",1,1,caralho,sexual_degradante,0,0,1,0,0,0,0,0
8q5VFwutoGE,256,716.6,719.95,Caralho!,1,1,caralho,sexual_degradante,0,0,1,0,0,0,0,0
8q5VFwutoGE,267,746.7,748.32,"Caralho, mano",1,1,caralho,sexual_degradante,0,0,1,0,0,0,0,0
nmPCfoxku2k,4,8.62,11.76,"Caralho, eu tenho que fazer pra carregar o Abyssal, mano, tá louco, mano",1,1,caralho,sexual_degradante,0,0,1,0,0,0,0,0
nmPCfoxku2k,138,422.33,426.01,"Caralho, eu tenho que fazer pra carregar o Bissau, mano",1,1,caralho,sexual_degradante,0,0,1,0,0,0,0,0
nmPCfoxku2k,212,657.55,664.92,"Puta, alguém, cara",1,1,puta,xingamentos_genero,0,0,0,0,1,0,0,0
nmPCfoxku2k,249,801.26,806.64,"mano, eu sempre quero usar uma skill e depois zonear, tá bom, gamezoo, foda-se, caralho",1,1,caralho,sexual_degradante,0,0,1,0,0,0,0,0
6l1hMZZ_3ms,14,18.16,18.9,"Caralho, 10 FPS.",1,1,caralho,sexual_degradante,0,0,1,0,0,0,0,0
6l1hMZZ_3ms,16,20.6,21.66,"É louco, viado.",1,1,viado,homofobia_misoginia,0,0,0,0,0,1,0,0
6l1hMZZ_3ms,18,23.78,24.98,"Nossa senhora, viado.",1,1,viado,homofobia_misoginia,0,0,0,0,0,1,0,0
6l1hMZZ_3ms,92,269.78,272.42,"Cara, o jogo tá difícil de vencer pra caralho",1,1,caralho,sexual_degradante,0,0,1,0,0,0,0,0
6l1hMZZ_3ms,130,385.52,386.1,"Caralho, cara.",1,1,caralho,sexual_degradante,0,0,1,0,0,0,0,0
6l1hMZZ_3ms,164,508.35,509.03,"Caralho, meu Deus",1,1,caralho,sexual_degradante,0,0,1,0,0,0,0,0
6l1hMZZ_3ms,194,635.78,637.02,"Nossa, eu tô forte pra caralho, mano",1,1,caralho,sexual_degradante,0,0,1,0,0,0,0,0
6l1hMZZ_3ms,210,661.46,663.64,"Ai, meu Deus, vamos, caralho",1,1,caralho,sexual_degradante,0,0,1,0,0,0,0,0
6l1hMZZ_3ms,217,672.88,673.98,Olha o meu Ender dando pra caralho,1,1,caralho,sexual_degradante,0,0,1,0,0,0,0,0
92KeIj8hsOE,6,14.84,16.32,"Caralho, você é muito gênio, meu Deus",1,1,caralho,sexual_degradante,0,0,1,0,0,0,0,0
92KeIj8hsOE,85,184.86,187.16,"Contra esse pra caralho, mano, o sub zudo",1,1,caralho,sexual_degradante,0,0,1,0,0,0,0,0
92KeIj8hsOE,120,285.7,288.02,"Tá velha, tá redonda, ficou feia, mano",1,1,feia,body_shaming,0,1,0,0,0,0,0,0
92KeIj8hsOE,137,329.78,332.0,"Ela me deu um bloco, viado, caralho",2,1,caralho; viado,homofobia_misoginia; sexual_degradante,0,0,1,0,0,1,0,0
92KeIj8hsOE,144,342.82,345.32,"Caralho, eu acabei de comentar que ela mesmo",1,1,caralho,sexual_degradante,0,0,1,0,0,0,0,0
92KeIj8hsOE,148,350.66,353.86,"Caralho, mano",1,1,caralho,sexual_degradante,0,0,1,0,0,0,0,0
92KeIj8hsOE,150,355.38,357.54,"deu merda, mano. Cara, você vê essa gorda",1,1,gorda,body_shaming,0,1,0,0,0,0,0,0
92KeIj8hsOE,152,359.42,361.42,"ela pensa que tá abalando. Não, cara, você tá gorda.",1,1,gorda,body_shaming,0,1,0,0,0,0,0,0
92KeIj8hsOE,155,365.3,367.42,"buceta, entendeu? Os caras",1,1,buceta,genitalia_feminina,0,0,0,0,0,0,1,0
92KeIj8hsOE,156,367.42,369.28,"passam tanta fome de buceta, os caras veem essa porra",1,1,buceta,genitalia_feminina,0,0,0,0,0,0,1,0
92KeIj8hsOE,202,472.6,475.96,"Caralho, o jogo tá pegadola, hein, mano",1,1,caralho,sexual_degradante,0,0,1,0,0,0,0,0
92KeIj8hsOE,245,569.97,571.39,"Caralho, escadrão recalcou",1,1,caralho,sexual_degradante,0,0,1,0,0,0,0,0
92KeIj8hsOE,279,648.36,650.06,"Não existe champion, viado",1,1,viado,homofobia_misoginia,0,0,0,0,0,1,0,0
92KeIj8hsOE,288,664.1,664.38,Caralho!,1,1,caralho,sexual_degradante,0,0,1,0,0,0,0,0
92KeIj8hsOE,293,677.46,678.48,"Por caralho, tu faz nada, cara!",1,1,caralho,sexual_degradante,0,0,1,0,0,0,0,0
92KeIj8hsOE,311,719.78,721.22,"Caralho, morreu no finalzinho, mano.",1,1,caralho,sexual_degradante,0,0,1,0,0,0,0,0
DjhpGJAZBi8,111,236.01,238.87,"Caralho, meu boss tá flamendo tudo já, hein, mano",1,1,caralho,sexual_degradante,0,0,1,0,0,0,0,0
DjhpGJAZBi8,169,367.25,368.65,"não ganhei, puta real",1,1,puta,xingamentos_genero,0,0,0,0,1,0,0,0
DjhpGJAZBi8,185,419.6,425.4,"Caralho, mano",1,1,caralho,sexual_degradante,0,0,1,0,0,0,0,0
DjhpGJAZBi8,387,1042.1,1043.9,"Caralho, meu Deus, cara",1,1,caralho,sexual_degradante,0,0,1,0,0,0,0,0
ct2DIjWG4uM,101,311.28,314.18,"Caralho, mas você não faz solo na side não, mano",1,1,caralho,sexual_degradante,0,0,1,0,0,0,0,0
ct2DIjWG4uM,119,367.56,372.84,"Caralho, que era do chutante, mano",1,1,caralho,sexual_degradante,0,0,1,0,0,0,0,0
ct2DIjWG4uM,194,606.92,608.72,Vamos pegar o dragão e tamo trolando pra caralho,1,1,caralho,sexual_degradante,0,0,1,0,0,0,0,0
ct2DIjWG4uM,210,649.54,651.46,"Caralho, cara",1,1,caralho,sexual_degradante,0,0,1,0,0,0,0,0
ct2DIjWG4uM,220,667.8,670.22,"Caralho, cadê a pai, beleza",1,1,caralho,sexual_degradante,0,0,1,0,0,0,0,0
ct2DIjWG4uM,226,679.18,682.14,"Caralho, mano, demorou",1,1,caralho,sexual_degradante,0,0,1,0,0,0,0,0
r8C57BD7aDc,9,16.58,17.58,"Caralho, de página?",1,1,caralho,sexual_degradante,0,0,1,0,0,0,0,0
r8C57BD7aDc,30,44.68,45.18,Caralho!,1,1,caralho,sexual_degradante,0,0,1,0,0,0,0,0
r8C57BD7aDc,38,54.38,56.28,"Caralho, você tá por nexo três vezes já.",1,1,caralho,sexual_degradante,0,0,1,0,0,0,0,0
r8C57BD7aDc,73,101.26,103.04,"Tô me sentindo o Godox aqui, viado.",1,1,viado,homofobia_misoginia,0,0,0,0,0,1,0,0
r8C57BD7aDc,119,187.0,189.0,"Caralho, de página? Boa, mano, tá bom",1,1,caralho,sexual_degradante,0,0,1,0,0,0,0,0
r8C57BD7aDc,126,200.0,204.0,"Caralho, lá no clube do bronze, que legal, mano. Nunca vi esses ícones, cara. Beleza, bora.",1,1,caralho,sexual_degradante,0,0,1,0,0,0,0,0
r8C57BD7aDc,153,278.84,281.06,"monitora, né? Diferente de algumas pessoas. Caralho, tu",1,1,caralho,sexual_degradante,0,0,1,0,0,0,0,0
r8C57BD7aDc,160,292.42,293.42,"Puta, perdi a catapa.",1,1,puta,xingamentos_genero,0,0,0,0,1,0,0,0
r8C57BD7aDc,396,685.83,687.25,"O Tonexo, caralho",1,1,caralho,sexual_degradante,0,0,1,0,0,0,0,0
r8C57BD7aDc,405,703.89,705.99,"Caralho, esse caçadinho é manco, essa merda, mano",1,1,caralho,sexual_degradante,0,0,1,0,0,0,0,0
r8C57BD7aDc,443,785.12,788.24,"Põe essa bola cristal rosa na sua frente, viado",1,1,viado,homofobia_misoginia,0,0,0,0,0,1,0,0
r8C57BD7aDc,485,831.83,832.11,Puta.,1,1,puta,xingamentos_genero,0,0,0,0,1,0,0,0
r8C57BD7aDc,537,940.56,942.52,"Caralho! Tá bom, o Geizão tá",1,1,caralho,sexual_degradante,0,0,1,0,0,0,0,0
r8C57BD7aDc,546,959.14,960.38,"Caralho, tá bom, tá bom",1,1,caralho,sexual_degradante,0,0,1,0,0,0,0,0
r8C57BD7aDc,571,995.02,995.92,Puta que pariu,1,1,puta,xingamentos_genero,0,0,0,0,1,0,0,0
r8C57BD7aDc,596,1032.9,1043.14,"EFLASH EFLASH CARALHO VOCÊ NÃO CEDEI A EFLASH COM A SADINHA NÃO, OLHA ATRÁS DE VOCÊ, VAI SE MATAR ELA",1,1,caralho,sexual_degradante,0,0,1,0,0,0,0,0
r8C57BD7aDc,694,1289.76,1291.76,Caralho!,1,1,caralho,sexual_degradante,0,0,1,0,0,0,0,0
0sD6xl3EFbo,15,43.86,44.8,Isso aqui é runa de viado,1,1,viado,homofobia_misoginia,0,0,0,0,0,1,0,0
0sD6xl3EFbo,750,1577.27,1585.85,"Muitas vezes, a pessoa simplesmente pica o Caçador Fizudo e perde o jogo em 3 nudes de partida, por causa de farm, mano.",1,1,pica,sexual_degradante,0,0,1,0,0,0,0,0
0sD6xl3EFbo,773,1646.39,1647.99,"Minho pra caralho depois, entendeu?",1,1,caralho,sexual_degradante,0,0,1,0,0,0,0,0
