termo,categoria,frequencia_no_corpus,exemplo_no_corpus
neguinho,racial_interseccional,12," deixa ele parar editar pra vc não neguinho, até parece que vc é bom quando eu vejo esses víd"
baleia,body_shaming,11, 50 pdl boostada quer vim falar da baleia mecânica kkkkkkkkkkkkkkkkkk
caralho,sexual_degradante,11,"ou ban), ma vc ta se passando para caralho tbm né, vc falou que ela xingou sua mãe ? em que "
macaquinhos,racial_interseccional,3,"morro dos macaquinhos é um lugar no rj, nn foi piada"
gado,gamer_misogino,3,webs gado kkkkkkkkkkkk
puta,xingamentos_genero,3,puta
gados,gamer_misogino,2,Imagina esses gados defendendo essa piranha
macaco,racial_interseccional,2, da parte que chama os cariocas de macaco 😅
egirl,gamer_misogino,2, pq o cara falou umas verdades pra egirl boostada... será que os lacaios lambedores de sal
vagabundo,xingamentos_genero,2,"bca9ddc441ab4187a5b1168e1ba6db7bb9 Vagabundo perde a linha, apenas"
gorda,body_shaming,2,"r esse escremento humano da baleia gorda do ES, 🗿🍷"
sodomizado,sexual_degradante,1,Completamente sodomizado por piada e ainda batem palma pro cancelamento. S
ob3sinh@s,body_shaming,1,"é so as ob3sinh@s dando hate no yiok, goat não tem jeito"
paneleiro,homofobia_misoginia,1," ironia em negrilson, a marmita de paneleiro te atacou kkkkkk"
putas,xingamentos_genero,1,imagina pessoas ficarem putas por conta de league of legends KKKKKKKKKKKKKKKKKK
daku,racial_interseccional,1,Melhor q tu com essa cara de daku
piranha,xingamentos_genero,1,magina esses gados defendendo essa piranha
putones,xingamentos_genero,1,"o video do putones falando q tu esconde opiniao nas piadas, maluco, "
bct,genitalia_feminina,1,alto vão receber alguma migalha de bct depois disso?? kkkkkkkkkkkk
gordas,body_shaming,1,e for falar merda evita motivo pra gordas.
putasso,xingamentos_genero,1,Kassadin = Lázaro Talon= BOPE putasso subindo o morro Se fosse mais branco escapava
pica,sexual_degradante,1,"perando faz tempo esse guia, ficou pica🙏🙏"
putinho,xingamentos_genero,1, E os cara não entende isso e fica putinho pq o cara faz piada. Como se apoiada fosse o caus
puto,xingamentos_genero,1,Ficou tão puto que virou roceiro
bicha,homofobia_misoginia,0,
bichas,homofobia_misoginia,0,
boceta,genitalia_feminina,0,
boiola,homofobia_misoginia,0,
bruxa,xingamentos_genero,0,
buceta,genitalia_feminina,0,
bucetao,genitalia_feminina,0,
bucetinha,genitalia_feminina,0,
chorona,xingamentos_genero,0,
devassa,xingamentos_genero,0,
egirls,gamer_misogino,0,
feia,body_shaming,0,
feias,body_shaming,0,
foder,sexual_degradante,0,
gadosao,gamer_misogino,0,
gadoso,gamer_misogino,0,
gordinha,body_shaming,0,
gorducha,body_shaming,0,
harpia,xingamentos_genero,0,
jeba,sexual_degradante,0,
macaca,racial_interseccional,0,
macaquinho,racial_interseccional,0,
maricas,homofobia_misoginia,0,
maricon,homofobia_misoginia,0,
megera,xingamentos_genero,0,
meretriz,xingamentos_genero,0,
minx,gamer_misogino,0,
mulherinha,xingamentos_genero,0,
mulherzinha,xingamentos_genero,0,
neguinha,racial_interseccional,0,
ob3sinha,body_shaming,0,
ob3sinhas,body_shaming,0,
obesinha,body_shaming,0,
obesinhas,body_shaming,0,
oferecida,xingamentos_genero,0,
periguete,xingamentos_genero,0,
piranhao,xingamentos_genero,0,
piranhas,xingamentos_genero,0,
piroca,sexual_degradante,0,
ppk,genitalia_feminina,0,
prostituta,prostituicao_degradante,0,
prostitutas,prostituicao_degradante,0,
punheta,sexual_degradante,0,
punheteiro,sexual_degradante,0,
putao,xingamentos_genero,0,
putaria,prostituicao_degradante,0,
putinha,xingamentos_genero,0,
quenga,xingamentos_genero,0,
rameira,xingamentos_genero,0,
sapatao,homofobia_misoginia,0,
sapatão,homofobia_misoginia,0,
sodomia,sexual_degradante,0,
sodomizar,sexual_degradante,0,
vadia,xingamentos_genero,0,
vadias,xingamentos_genero,0,
vagabunda,xingamentos_genero,0,
vagabundas,xingamentos_genero,0,
veado,homofobia_misoginia,0,
viada,homofobia_misoginia,0,
viadinho,homofobia_misoginia,0,
viado,homofobia_misoginia,0,
viados,homofobia_misoginia,0,
xana,genitalia_feminina,0,
xavasca,genitalia_feminina,0,
xereca,genitalia_feminina,0,
xoxinha,genitalia_feminina,0,
xoxota,genitalia_feminina,0,
xoxotinha,genitalia_feminina,0,
