position,channelId,channelTitle,videoId,videoUrl,publishedAt,data_publicacao,videoTitle,videoDescription,tags,videoCategoryId,videoCategoryLabel,topicCategories,duration,durationSec,dimension,definition,caption,defaultLanguage,defaultAudioLanguage,thumbnail_maxres,licensedContent,madeForKids,hasPaidProductPlacement,viewCount,likeCount,commentCount,tipo,transcrição_ytb,status-transcricao
1,UC_GFcLxFl1WhIOpZTzf9FSg,Yiok,Cyai8_m_ZQ8,https://www.youtube.com/watch?v=Cyai8_m_ZQ8,2025-11-20T21:00:14Z,20/11/2025,YIOK FOI ATACADO PELOS GADOS DA COMUNIVIA ... TRETA PESADA !,Não se esqueça de deixar um Like e um Comentário no vídeozudo Discord da galera : https://discord.com/invite/yiok Twitterzudo : https://x.com/_Yiok_ Instagramzudo : https://www.instagram.com/_yiok1/ #kassadin #yiok #leagueoflegends,"Yiok,Yioklol,Kassadin,leagueoflegendsbrasil,melhor kassadin do mundo,top 1 kassadin do mundo",20,Gaming,"Action_game,Role-playing_video_game,Video_game_culture",PT23M36S,1416,2d,hd,FALSE,pt-PT,,https://i.ytimg.com/vi/Cyai8_m_ZQ8/maxresdefault.jpg,TRUE,FALSE,FALSE,13105,992,225,longo,não,feito
2,UC_GFcLxFl1WhIOpZTzf9FSg,Yiok,slhtOG9uSmQ,https://www.youtube.com/watch?v=slhtOG9uSmQ,2025-11-12T23:50:28Z,12/11/2025,KASSADOLA DO ESTUDO ! #leagueoflegendsbrasil,Não se esqueça de deixar um Like e um Comentário no vídeozudo Discord da galera : https://discord.com/invite/yiok Twitterzudo : https://x.com/_Yiok_ Instagramzudo : https://www.instagram.com/_yiok1/ #kassadin #yiok #leagueoflegends,"Yiok,Yioklol,Kassadin,leagueoflegendsbrasil,melhor kassadin do mundo,top 1 kassadin do mundo",20,Gaming,"Action_game,Role-playing_video_game,Strategy_video_game,Video_game_culture",PT22S,22,2d,hd,FALSE,pt-PT,,https://i.ytimg.com/vi/slhtOG9uSmQ/maxresdefault.jpg,TRUE,FALSE,FALSE,8662,171,20,short,não,feito
3,UC_GFcLxFl1WhIOpZTzf9FSg,Yiok,cyk1wQGe3tE,https://www.youtube.com/watch?v=cyk1wQGe3tE,2025-11-06T01:24:36Z,06/11/2025,KASSADOLF NA FUGA DO LAZARO 😂,Não se esqueça de deixar um Like e um Comentário no vídeozudo Discord da galera : https://discord.com/invite/yiok Twitterzudo : https://x.com/_Yiok_ Instagramzudo : https://www.instagram.com/_yiok1/ #kassadin #yiok #leagueoflegends,"Yiok,Yioklol,Kassadin,leagueoflegendsbrasil,melhor kassadin do mundo,top 1 kassadin do mundo",20,Gaming,"Action_game,Role-playing_video_game,Video_game_culture",PT15S,15,2d,hd,FALSE,pt-PT,pt-PT,https://i.ytimg.com/vi/cyk1wQGe3tE/maxresdefault.jpg,TRUE,FALSE,FALSE,20591,338,8,short,não,feito
4,UC_GFcLxFl1WhIOpZTzf9FSg,Yiok,w4wrS-f4oFo,https://www.youtube.com/watch?v=w4wrS-f4oFo,2025-11-03T15:01:54Z,03/11/2025,O COISA RUIM DE KASSADIN ... #leagueoflegendsbrasil,Não se esqueça de deixar um Like e um Comentário no vídeozudo Discord da galera : https://discord.com/invite/yiok Twitterzudo : https://x.com/_Yiok_ Instagramzudo : https://www.instagram.com/_yiok1/ #kassadin #yiok #leagueoflegends,"Yiok,Yioklol,Kassadin,leagueoflegendsbrasil,melhor kassadin do mundo,top 1 kassadin do mundo",20,Gaming,"Action_game,Role-playing_video_game,Strategy_video_game,Video_game_culture",PT51S,51,2d,hd,FALSE,pt-PT,,https://i.ytimg.com/vi/w4wrS-f4oFo/maxresdefault.jpg,TRUE,FALSE,FALSE,8835,596,20,short,não,feito
5,UC_GFcLxFl1WhIOpZTzf9FSg,Yiok,IeNxaErKY7g,https://www.youtube.com/watch?v=IeNxaErKY7g,2025-11-02T15:00:33Z,02/11/2025,TIPO O KAYNE WEST 😂 #leagueoflegendsbrasil,Não se esqueça de deixar um Like e um Comentário no vídeozudo Discord da galera : https://discord.com/invite/yiok Twitterzudo : https://x.com/_Yiok_ Instagramzudo : https://www.instagram.com/_yiok1/ #kassadin #yiok #leagueoflegends,"Yiok,Yioklol,Kassadin,leagueoflegendsbrasil,melhor kassadin do mundo,top 1 kassadin do mundo",20,Gaming,"Action_game,Role-playing_video_game,Video_game_culture",PT9S,9,2d,hd,FALSE,pt-PT,,https://i.ytimg.com/vi/IeNxaErKY7g/maxresdefault.jpg,TRUE,FALSE,FALSE,22202,451,11,short,não,feito
6,UC_GFcLxFl1WhIOpZTzf9FSg,Yiok,hlf8CuBXMws,https://www.youtube.com/watch?v=hlf8CuBXMws,2025-10-29T21:43:45Z,29/10/2025,RANK 1 KASSADIN VISITANDO O MESTRE!,Não se esqueça de deixar um Like e um Comentário no vídeozudo Discord da galera : https://discord.com/invite/yiok Twitterzudo : https://x.com/_Yiok_ Instagramzudo : https://www.instagram.com/_yiok1/ #kassadin #yiok #leagueoflegends,"Yiok,Yioklol,Kassadin,leagueoflegendsbrasil,melhor kassadin do mundo,top 1 kassadin do mundo",20,Gaming,"Action-adventure_game,Action_game,Role-playing_video_game,Strategy_video_game,Video_game_culture",PT16M22S,982,2d,hd,FALSE,pt-PT,pt-PT,https://i.ytimg.com/vi/hlf8CuBXMws/maxresdefault.jpg,TRUE,FALSE,FALSE,9475,453,40,longo,não,feito
7,UC_GFcLxFl1WhIOpZTzf9FSg,Yiok,bxVRyxvjqmc,https://www.youtube.com/watch?v=bxVRyxvjqmc,2025-10-28T02:28:34Z,28/10/2025,OLHA O NICK DO CARA ... 💀 #leagueoflegendsbrasil,,,20,Gaming,"Action_game,Video_game_culture",PT12S,12,2d,hd,FALSE,pt-PT,,https://i.ytimg.com/vi/bxVRyxvjqmc/maxresdefault.jpg,TRUE,FALSE,FALSE,11060,324,3,short,não,feito
8,UC_GFcLxFl1WhIOpZTzf9FSg,Yiok,eaMHWygC3PM,https://www.youtube.com/watch?v=eaMHWygC3PM,2025-10-26T21:09:26Z,26/10/2025,BOATE KISS KASSADIN 🤣 #leagueoflegendsbrasil,,,20,Gaming,"Action_game,Role-playing_video_game,Video_game_culture",PT15S,15,2d,hd,FALSE,pt-PT,,https://i.ytimg.com/vi/eaMHWygC3PM/maxresdefault.jpg,TRUE,FALSE,FALSE,10990,195,6,short,não,feito
9,UC_GFcLxFl1WhIOpZTzf9FSg,Yiok,7STM0pLxRgo,https://www.youtube.com/watch?v=7STM0pLxRgo,2025-10-25T05:14:10Z,25/10/2025,PASSAR EM MEDICINA OU SER MOD DA LIVE 😂,,,20,Gaming,"Action-adventure_game,Action_game,Role-playing_video_game,Video_game_culture",PT17S,17,2d,hd,FALSE,pt-PT,,https://i.ytimg.com/vi/7STM0pLxRgo/maxresdefault.jpg,TRUE,FALSE,FALSE,13665,462,9,short,não,feito
10,UC_GFcLxFl1WhIOpZTzf9FSg,Yiok,jV1M7FOgJoU,https://www.youtube.com/watch?v=jV1M7FOgJoU,2025-10-24T03:05:25Z,24/10/2025,SALVE GUIVEN VIM PELO YIOK ... #leagueoflegends,,"Yiok,guiven,top 1 kassadin do mundo,top 1 kassadin do brasil,yioklol,guivenlol",20,Gaming,"Action_game,Role-playing_video_game,Video_game_culture",PT46S,46,2d,hd,FALSE,pt-PT,,https://i.ytimg.com/vi/jV1M7FOgJoU/maxresdefault.jpg,TRUE,FALSE,FALSE,5430,414,14,short,não,feito
11,UC_GFcLxFl1WhIOpZTzf9FSg,Yiok,ct2DIjWG4uM,https://www.youtube.com/watch?v=ct2DIjWG4uM,2025-10-23T19:08:59Z,23/10/2025,OFICIALMENTE DE VOLTA AO CHALLENGER !,Não se esqueça de deixar um Like e um Comentário no vídeozudo Discord da galera : https://discord.com/invite/yiok Twitterzudo : https://x.com/_Yiok_ Instagramzudo : https://www.instagram.com/_yiok1/ #kassadin #yiok #leagueoflegends,"Yiok,Yioklol,Kassadin,leagueoflegendsbrasil,melhor kassadin do mundo,top 1 kassadin do mundo",20,Gaming,"Action_game,Role-playing_video_game,Strategy_video_game,Video_game_culture",PT12M16S,736,2d,hd,FALSE,pt-PT,,https://i.ytimg.com/vi/ct2DIjWG4uM/maxresdefault.jpg,TRUE,FALSE,FALSE,7629,448,35,longo,não,feito
12,UC_GFcLxFl1WhIOpZTzf9FSg,Yiok,NlMxSXvoztk,https://www.youtube.com/watch?v=NlMxSXvoztk,2025-10-23T03:17:44Z,23/10/2025,O CARA GASTOU 50K PRA FICAR PRESO NO MESTRE ... #leagueoflegendsbrasil,,,20,Gaming,"Action_game,Role-playing_video_game,Video_game_culture",PT29S,29,2d,hd,FALSE,pt-PT,,https://i.ytimg.com/vi/NlMxSXvoztk/maxresdefault.jpg,TRUE,FALSE,FALSE,8097,331,11,short,não,feito
13,UC_GFcLxFl1WhIOpZTzf9FSg,Yiok,PGFU_utw5qg,https://www.youtube.com/watch?v=PGFU_utw5qg,2025-10-21T19:18:00Z,21/10/2025,E ASSIM QUE O TOP 1 KASSADIN DO BRASIL JOGA !,,"Kassadin,yiok,top 1 kassadin,melhor kassadin do brasil",20,Gaming,"Action_game,Role-playing_video_game,Video_game_culture",PT41S,41,2d,hd,FALSE,pt-PT,,https://i.ytimg.com/vi/PGFU_utw5qg/maxresdefault.jpg,TRUE,FALSE,FALSE,5922,267,17,short,não,feito
14,UC_GFcLxFl1WhIOpZTzf9FSg,Yiok,TRNthMDhtSU,https://www.youtube.com/watch?v=TRNthMDhtSU,2025-10-20T02:32:16Z,20/10/2025,SAPO IMUNDO 😂 #leagueoflegends #yiok,,,20,Gaming,"Action_game,Role-playing_video_game,Video_game_culture",PT18S,18,2d,hd,FALSE,pt-PT,,https://i.ytimg.com/vi/TRNthMDhtSU/maxresdefault.jpg,TRUE,FALSE,FALSE,26083,873,13,short,não,feito
15,UC_GFcLxFl1WhIOpZTzf9FSg,Yiok,Jyknzm3ZojA,https://www.youtube.com/watch?v=Jyknzm3ZojA,2025-10-18T02:16:56Z,18/10/2025,ESSE SYLAS É CEGO 😂 #leagueoflegends #yiok,,,20,Gaming,"Action_game,Role-playing_video_game,Video_game_culture",PT13S,13,2d,hd,FALSE,pt-PT,,https://i.ytimg.com/vi/Jyknzm3ZojA/maxresdefault.jpg,TRUE,FALSE,FALSE,9477,178,6,short,não,feito
16,UC_GFcLxFl1WhIOpZTzf9FSg,Yiok,3-jtcrUTDTw,https://www.youtube.com/watch?v=3-jtcrUTDTw,2025-10-16T02:04:55Z,16/10/2025,KARMA INSTANTÂNEO ... #leagueoflegends #yiok #games,,,20,Gaming,"Action_game,Role-playing_video_game,Strategy_video_game,Video_game_culture",PT21S,21,2d,hd,FALSE,pt-PT,pt-PT,https://i.ytimg.com/vi/3-jtcrUTDTw/maxresdefault.jpg,TRUE,FALSE,FALSE,6357,220,6,short,não,feito
17,UC_GFcLxFl1WhIOpZTzf9FSg,Yiok,SeRNWYWd7V4,https://www.youtube.com/watch?v=SeRNWYWd7V4,2025-10-14T22:00:40Z,14/10/2025,TRESH DONO DO ENGENHO 💀 #leagueoflegends #yiok #games,,,20,Gaming,"Action_game,Role-playing_video_game,Video_game_culture",PT16S,16,2d,hd,FALSE,pt-PT,,https://i.ytimg.com/vi/SeRNWYWd7V4/maxresdefault.jpg,TRUE,FALSE,FALSE,22101,728,9,short,não,feito
18,UC_GFcLxFl1WhIOpZTzf9FSg,Yiok,AysubRW-kvQ,https://www.youtube.com/watch?v=AysubRW-kvQ,2025-10-14T00:00:13Z,14/10/2025,TIO DO ALANZOKA NO LOL ... #leagueoflegends #yiok #gamers,,,20,Gaming,"Action_game,Role-playing_video_game,Strategy_video_game,Video_game_culture",PT17S,17,2d,hd,FALSE,pt-PT,,https://i.ytimg.com/vi/AysubRW-kvQ/maxresdefault.jpg,TRUE,FALSE,FALSE,10766,306,6,short,não,feito
19,UC_GFcLxFl1WhIOpZTzf9FSg,Yiok,SBT6DCNR4BY,https://www.youtube.com/watch?v=SBT6DCNR4BY,2025-10-13T19:14:53Z,13/10/2025,YIOK CAIU CONTRA UMA E-GIRL NO CHALLENGER E FICOU APAIXONADO !,Não se esqueça de deixar um Like e um Comentário no vídeozudo Discord da galera : https://discord.com/invite/yiok Twitterzudo : https://x.com/_Yiok_ Instagramzudo : https://www.instagram.com/_yiok1/ #kassadin #yiok #leagueoflegends,"Yiok,Yioklol,Kassadin,leagueoflegendsbrasil,melhor kassadin do mundo,top 1 kassadin do mundo",20,Gaming,"Action_game,Role-playing_video_game,Strategy_video_game,Video_game_culture",PT13M32S,812,2d,hd,FALSE,pt-PT,,https://i.ytimg.com/vi/SBT6DCNR4BY/maxresdefault.jpg,TRUE,FALSE,FALSE,10243,703,67,longo,não,feito
20,UC_GFcLxFl1WhIOpZTzf9FSg,Yiok,RtNMWGV4wf8,https://www.youtube.com/watch?v=RtNMWGV4wf8,2025-10-13T02:39:24Z,13/10/2025,TRESH FULL AP TA BUGADO 💀 #leagueoflegends #yiok #games,,,20,Gaming,"Action-adventure_game,Action_game,Role-playing_video_game,Strategy_video_game,Video_game_culture",PT24S,24,2d,hd,FALSE,pt-PT,,https://i.ytimg.com/vi/RtNMWGV4wf8/maxresdefault.jpg,TRUE,FALSE,FALSE,22709,631,13,short,não,feito
21,UC_GFcLxFl1WhIOpZTzf9FSg,Yiok,F7XtKG59y4Q,https://www.youtube.com/watch?v=F7XtKG59y4Q,2025-10-11T22:05:43Z,11/10/2025,KASSADIN NA FUGA DO LAZARO 😂 #leagueoflegends #games #yiok,,,20,Gaming,"Action-adventure_game,Action_game,Role-playing_video_game,Video_game_culture",PT27S,27,2d,hd,FALSE,pt-PT,pt-PT,https://i.ytimg.com/vi/F7XtKG59y4Q/maxresdefault.jpg,TRUE,FALSE,FALSE,15736,568,8,short,não,feito
22,UC_GFcLxFl1WhIOpZTzf9FSg,Yiok,zeYD8_RXrrA,https://www.youtube.com/watch?v=zeYD8_RXrrA,2025-10-01T19:01:02Z,01/10/2025,PIJACK PENSO QUE EU IA TROLAR A PARTIDA MAS ISSO ACONTECEU ...,Não se esqueça de deixar um Like e um Comentário no vídeozudo Discord da galera : https://discord.com/invite/yiok Twitterzudo : https://x.com/_Yiok_ Tiktok : https://www.tiktok.com/@_yiok_ Instagramzudo : https://www.instagram.com/_yiok1/ #yiok #leagueoflegends #kassadin,"Yiok,Kassadin,top 1 kassadin do mundo,Yioklol,melhor kassadin do brasil,top 1 kassadin do brasil,leagueoflegends,yiok,pijack,pijacklol",20,Gaming,"Action-adventure_game,Action_game,Role-playing_video_game,Strategy_video_game,Video_game_culture",PT10M54S,654,2d,hd,FALSE,pt-PT,,https://i.ytimg.com/vi/zeYD8_RXrrA/maxresdefault.jpg,TRUE,FALSE,FALSE,7406,523,30,longo,não,feito
23,UC_GFcLxFl1WhIOpZTzf9FSg,Yiok,6l1hMZZ_3ms,https://www.youtube.com/watch?v=6l1hMZZ_3ms,2025-09-26T23:06:32Z,26/09/2025,APAVORANDO PRO - PLAYER DA LOUD NO CHALLENGER ! | Yiok,Não se esqueça de deixar um Like e um Comentário no vídeozudo Discord da galera : https://discord.com/invite/yiok Twitterzudo : https://x.com/_Yiok_ Tiktok : https://www.tiktok.com/@_yiok_ Instagramzudo : https://www.instagram.com/_yiok1/ #yiok #leagueoflegends #kassadin,"Yiok,Kassadin,top 1 kassadin do mundo,Yioklol,melhor kassadin do brasil,top 1 kassadin do brasil,leagueoflegends,yiok",20,Gaming,"Action_game,Role-playing_video_game,Strategy_video_game,Video_game_culture",PT11M37S,697,2d,hd,FALSE,pt-PT,,https://i.ytimg.com/vi/6l1hMZZ_3ms/maxresdefault.jpg,TRUE,FALSE,FALSE,7373,502,24,longo,não,feito
24,UC_GFcLxFl1WhIOpZTzf9FSg,Yiok,9sFGyNdtN8Y,https://www.youtube.com/watch?v=9sFGyNdtN8Y,2025-09-25T23:14:47Z,25/09/2025,TOP 1 KASSADIN CARREGANDO O @ayellol1 NO CHALLENGER ! | Yiok,Não se esqueça de deixar um Like e um Comentário no vídeozudo Discord da galera : https://discord.com/invite/yiok Twitterzudo : https://x.com/_Yiok_ Tiktok : https://www.tiktok.com/@_yiok_ Instagramzudo : https://www.instagram.com/_yiok1/ #yiok #leagueoflegends #kassadin,"Yiok,Kassadin,top 1 kassadin do mundo,Yioklol,melhor kassadin do brasil,top 1 kassadin do brasil,leagueoflegends,yiok",20,Gaming,"Action_game,Role-playing_video_game,Strategy_video_game,Video_game_culture",PT18M54S,1134,2d,hd,FALSE,pt-PT,,https://i.ytimg.com/vi/9sFGyNdtN8Y/hqdefault.jpg,TRUE,FALSE,FALSE,6477,359,26,longo,não,feito
25,UC_GFcLxFl1WhIOpZTzf9FSg,Yiok,_8W2fSnL1vY,https://www.youtube.com/watch?v=_8W2fSnL1vY,2025-09-22T23:32:01Z,22/09/2025,LATE GAME KASSADIN ☠️,Não se esqueça de deixar um Like e um Comentário no vídeozudo Discord da galera : https://discord.com/invite/yiok Twitterzudo : https://x.com/_Yiok_ Tiktok : https://www.tiktok.com/@_yiok_ Instagramzudo : https://www.instagram.com/_yiok1/ #yiok #leagueoflegends #kassadin,"Yiok,Kassadin,top 1 kassadin do mundo,Yioklol,melhor kassadin do brasil,top 1 kassadin do brasil,leagueoflegends,yiok",20,Gaming,"Action-adventure_game,Action_game,Role-playing_video_game,Strategy_video_game,Video_game_culture",PT11M20S,680,2d,hd,FALSE,pt-PT,,https://i.ytimg.com/vi/_8W2fSnL1vY/hqdefault.jpg,TRUE,FALSE,FALSE,4853,354,24,longo,não,feito
26,UC_GFcLxFl1WhIOpZTzf9FSg,Yiok,nmPCfoxku2k,https://www.youtube.com/watch?v=nmPCfoxku2k,2025-09-19T22:01:25Z,19/09/2025,ABSOLUT CONHECEU O MELHOR KASSADIN DO MUNDO ! | Yiok,Não se esqueça de deixar um Like e um Comentário no vídeozudo Discord da galera : https://discord.com/invite/yiok Twitterzudo : https://x.com/_Yiok_ Tiktok : https://www.tiktok.com/@_yiok_ Instagramzudo : https://www.instagram.com/_yiok1/ #yiok #leagueoflegends #kassadin,"Yiok,Kassadin,top 1 kassadin do mundo,Yioklol,melhor kassadin do brasil,top 1 kassadin do brasil,yiok,absolut,absolut lol",20,Gaming,"Action_game,Role-playing_video_game,Strategy_video_game,Video_game_culture",PT13M58S,838,2d,hd,FALSE,pt-PT,,https://i.ytimg.com/vi/nmPCfoxku2k/maxresdefault.jpg,TRUE,FALSE,FALSE,5166,333,25,longo,não,feito
27,UC_GFcLxFl1WhIOpZTzf9FSg,Yiok,0sD6xl3EFbo,https://www.youtube.com/watch?v=0sD6xl3EFbo,2025-09-15T23:15:28Z,15/09/2025,TUDO O QUE VOCÊ PRECISA SABER - GUIA DEFINITIVO CHALLENGER KASSADIN - RUNAS/BUILDS/COMBOS/DICAS !,Não se esqueça de deixar um Like e um Comentário no vídeozudo Discord da galera : https://discord.com/invite/yiok Twitterzudo : https://x.com/_Yiok_ Tiktok : https://www.tiktok.com/@_yiok_ Instagramzudo : https://www.instagram.com/_yiok1/ 00:00 - Introdução 00:32 - Runas 03:47 - Itemização 15:38 - Combos 25:44 - Mid e Late Game #yiok #leagueoflegends #kassadin,"Yiok,Kassadin,top 1 kassadin do mundo,Yioklol,melhor kassadin do brasil,top 1 kassadin do brasil,leagueoflegends,yiok,como jogar de kassadin,dicas de kassadin,combos kassadin,runas kassadin",20,Gaming,"Action-adventure_game,Action_game,Role-playing_video_game,Strategy_video_game,Video_game_culture",PT43M23S,2603,2d,hd,FALSE,pt-PT,,https://i.ytimg.com/vi/0sD6xl3EFbo/maxresdefault.jpg,TRUE,FALSE,FALSE,21067,1466,126,longo,não,feito
28,UC_GFcLxFl1WhIOpZTzf9FSg,Yiok,MhR6WbG2UD0,https://www.youtube.com/watch?v=MhR6WbG2UD0,2025-09-12T00:00:33Z,12/09/2025,JOGAR DE ADC É ISSO AE 🫢 #leagueoflegends #yiok #games,Não se esqueça de deixar um Like e um Comentário no vídeozudo Discord da galera : https://discord.com/invite/yiok Twitterzudo : https://x.com/_Yiok_ Tiktok : https://www.tiktok.com/@_yiok_ Instagramzudo : https://www.instagram.com/_yiok1/,"Yiok,Yioklol,top 1 kassadin do mundo,melhor kassadin do mundo",20,Gaming,"Action-adventure_game,Action_game,Role-playing_video_game,Strategy_video_game,Video_game_culture",PT14S,14,2d,hd,FALSE,pt-PT,,https://i.ytimg.com/vi/MhR6WbG2UD0/maxresdefault.jpg,TRUE,FALSE,FALSE,8940,214,10,short,não,feito
29,UC_GFcLxFl1WhIOpZTzf9FSg,Yiok,jjA-vG38qWU,https://www.youtube.com/watch?v=jjA-vG38qWU,2025-09-11T02:29:26Z,11/09/2025,IMPOSSIVEL ACERTAR SKILL NO YIOK 😂 #leagueoflegends #wildrift,,,20,Gaming,"Action-adventure_game,Action_game,Role-playing_video_game,Video_game_culture",PT17S,17,2d,hd,FALSE,pt-PT,,https://i.ytimg.com/vi/jjA-vG38qWU/maxresdefault.jpg,TRUE,FALSE,FALSE,10709,291,6,short,não,feito
30,UC_GFcLxFl1WhIOpZTzf9FSg,Yiok,E3ToJX4yMXM,https://www.youtube.com/watch?v=E3ToJX4yMXM,2025-09-07T00:00:14Z,07/09/2025,JUKES SURTOU AO CONHECER O PICK SECRETO DO YIOK !,Não se esqueça de deixar um Like e um Comentário no vídeozudo Discord da galera : https://discord.com/invite/yiok Twitterzudo : https://x.com/_Yiok_ Tiktok : https://www.tiktok.com/@_yiok_ Instagramzudo : https://www.instagram.com/_yiok1/ #yiok #leagueoflegends #kassadin,"Yiok,Kassadin,top 1 kassadin do mundo,Yioklol,melhor kassadin do brasil,top 1 kassadin do brasil,leagueoflegends,yiok,jukes,jukeslol,jukera,Jujeslol",20,Gaming,"Action-adventure_game,Action_game,Role-playing_video_game,Strategy_video_game,Video_game_culture",PT16M2S,962,2d,hd,FALSE,pt-PT,,https://i.ytimg.com/vi/E3ToJX4yMXM/maxresdefault.jpg,TRUE,FALSE,FALSE,8402,599,22,longo,não,feito
31,UC_GFcLxFl1WhIOpZTzf9FSg,Yiok,92KeIj8hsOE,https://www.youtube.com/watch?v=92KeIj8hsOE,2025-09-06T00:15:03Z,06/09/2025,"APÓS 1 ANO, FINALMENTE ENCONTREI A MELHOR RUNA DO KASSADIN !",Não se esqueça de deixar um Like e um Comentário no vídeozudo Discord da galera : https://discord.com/invite/yiok Twitterzudo : https://x.com/_Yiok_ Tiktok : https://www.tiktok.com/@_yiok_ Instagramzudo : https://www.instagram.com/_yiok1/ #yiok #leagueoflegends #kassadin,"Yiok,Kassadin,top 1 kassadin do mundo,Yioklol,melhor kassadin do brasil,top 1 kassadin do brasil,leagueoflegends,yiok",20,Gaming,"Action-adventure_game,Action_game,Role-playing_video_game,Strategy_video_game,Video_game_culture",PT20M,1200,2d,hd,FALSE,pt-PT,,https://i.ytimg.com/vi/92KeIj8hsOE/maxresdefault.jpg,TRUE,FALSE,FALSE,6512,449,30,longo,não,feito
32,UC_GFcLxFl1WhIOpZTzf9FSg,Yiok,xJExphI2SRU,https://www.youtube.com/watch?v=xJExphI2SRU,2025-09-03T23:00:59Z,03/09/2025,YIOK FOI AMEAÇADO AO VIVO PELO MUCALOL !,Não se esqueça de deixar um Like e um Comentário no vídeozudo Discord da galera : https://discord.com/invite/yiok Twitterzudo : https://x.com/_Yiok_ Tiktok : https://www.tiktok.com/@_yiok_ Instagramzudo : https://www.instagram.com/_yiok1/ #yiok #leagueoflegends #kassadin,"Yiok,Kassadin,top 1 kassadin do mundo,Yioklol,melhor kassadin do brasil,top 1 kassadin do brasil,leagueoflegends,yiok",20,Gaming,"Action_game,Role-playing_video_game,Strategy_video_game,Video_game_culture",PT13M52S,832,2d,hd,FALSE,pt-PT,,https://i.ytimg.com/vi/xJExphI2SRU/maxresdefault.jpg,TRUE,FALSE,FALSE,4994,593,45,longo,não,feito
33,UC_GFcLxFl1WhIOpZTzf9FSg,Yiok,DjhpGJAZBi8,https://www.youtube.com/watch?v=DjhpGJAZBi8,2025-09-02T23:15:49Z,02/09/2025,A RIOT ADICIONOU UM BUFF EXTRA OCULTO NO KASSADIN ! | Yiok,Não se esqueça de deixar um Like e um Comentário no vídeozudo Discord da galera : https://discord.com/invite/yiok Twitterzudo : https://x.com/_Yiok_ Tiktok : https://www.tiktok.com/@_yiok_ Instagramzudo : https://www.instagram.com/_yiok1/ #yiok #leagueoflegends #kassadin,"Yiok,Kassadin,top 1 kassadin do mundo,Yioklol,melhor kassadin do brasil,top 1 kassadin do brasil,leagueoflegends,yiok",20,Gaming,"Action-adventure_game,Action_game,Role-playing_video_game,Strategy_video_game,Video_game_culture",PT17M49S,1069,2d,hd,FALSE,pt-PT,,https://i.ytimg.com/vi/DjhpGJAZBi8/maxresdefault.jpg,TRUE,FALSE,FALSE,3790,331,29,longo,não,feito
34,UC_GFcLxFl1WhIOpZTzf9FSg,Yiok,PIyw-_gHTzU,https://www.youtube.com/watch?v=PIyw-_gHTzU,2025-09-01T23:15:02Z,01/09/2025,PAREM DE COMPRAR ESSE ITEM NO KASSADIN ! | Yiok,Não se esqueça de deixar um Like e um Comentário no vídeozudo Discord da galera : https://discord.com/invite/yiok Twitterzudo : https://x.com/_Yiok_ Tiktok : https://www.tiktok.com/@_yiok_ Instagramzudo : https://www.instagram.com/_yiok1/ #yiok #leagueoflegends #kassadin,"Yiok,Kassadin,top 1 kassadin do mundo,Yioklol,melhor kassadin do brasil,top 1 kassadin do brasil,leagueoflegends,yiok",20,Gaming,"Action_game,Role-playing_video_game,Strategy_video_game,Video_game_culture",PT12M52S,772,2d,hd,FALSE,pt-PT,,https://i.ytimg.com/vi/PIyw-_gHTzU/maxresdefault.jpg,TRUE,FALSE,FALSE,3267,376,44,longo,não,feito
35,UC_GFcLxFl1WhIOpZTzf9FSg,Yiok,7iO7Ygle6sE,https://www.youtube.com/watch?v=7iO7Ygle6sE,2025-08-31T23:30:04Z,31/08/2025,KASSADIN DEPOIS DOS BUFFS ESTA IMPARÁVEL ... ! | Yiok,Não se esqueça de deixar um Like e um Comentário no vídeozudo Discord da galera : https://discord.com/invite/yiok Twitterzudo : https://x.com/_Yiok_ Tiktok : https://www.tiktok.com/@_yiok_ Instagramzudo : https://www.instagram.com/_yiok1/ #yiok #leagueoflegends #kassadin,"Yiok,Kassadin,top 1 kassadin do mundo,Yioklol,melhor kassadin do brasil,top 1 kassadin do brasil,leagueoflegends,yiok",20,Gaming,"Action-adventure_game,Action_game,Role-playing_video_game,Strategy_video_game,Video_game_culture",PT17M43S,1063,2d,hd,FALSE,pt-PT,pt-PT,https://i.ytimg.com/vi/7iO7Ygle6sE/maxresdefault.jpg,TRUE,FALSE,FALSE,5005,376,24,longo,não,feito
36,UC_GFcLxFl1WhIOpZTzf9FSg,Yiok,VvTJJ6u9n8Y,https://www.youtube.com/watch?v=VvTJJ6u9n8Y,2025-08-30T22:47:47Z,30/08/2025,YIOK CAIU COM 4 HATERS NO CHALLENGER TROLLANDO A PARTIDA!,Não se esqueça de deixar um Like e um Comentário no vídeozudo Discord da galera : https://discord.com/invite/yiok Twitterzudo : https://x.com/_Yiok_ Tiktok : https://www.tiktok.com/@_yiok_ Instagramzudo : https://www.instagram.com/_yiok1/ #yiok #leagueoflegends #kassadin,"Yiok,Kassadin,top 1 kassadin do mundo,Yioklol,melhor kassadin do brasil,top 1 kassadin do brasil,leagueoflegends,yiok",20,Gaming,"Action_game,Role-playing_video_game,Strategy_video_game,Video_game_culture",PT13M41S,821,2d,hd,FALSE,pt-PT,,https://i.ytimg.com/vi/VvTJJ6u9n8Y/maxresdefault.jpg,TRUE,FALSE,FALSE,6386,549,40,longo,não,feito
37,UC_GFcLxFl1WhIOpZTzf9FSg,Yiok,S8zUa3KSBj8,https://www.youtube.com/watch?v=S8zUa3KSBj8,2025-08-30T01:00:24Z,30/08/2025,TINHA COMO SER PIOR? 🫢 #leagueoflegends #yiok #games,Não se esqueça de deixar um Like e um Comentário no vídeozudo Discord da galera : https://discord.com/invite/yiok Twitterzudo : https://x.com/_Yiok_ Tiktok : https://www.tiktok.com/@_yiok_ Instagramzudo : https://www.instagram.com/_yiok1/,"Yiok,Yioklol,top 1 kassadin do mundo,melhor kassadin do mundo",20,Gaming,"Action-adventure_game,Action_game,Role-playing_video_game,Strategy_video_game,Video_game_culture",PT29S,29,2d,hd,FALSE,pt-PT,,https://i.ytimg.com/vi/S8zUa3KSBj8/maxresdefault.jpg,TRUE,FALSE,FALSE,5205,221,11,short,não,feito
38,UC_GFcLxFl1WhIOpZTzf9FSg,Yiok,12oibiOBoSI,https://www.youtube.com/watch?v=12oibiOBoSI,2025-08-30T00:00:02Z,30/08/2025,TOP 1 KASSADIN TESTA OS NOVOS BUFFS ... * FICOU MUITO FORTE * | Yiok,Não se esqueça de deixar um Like e um Comentário no vídeozudo Discord da galera : https://discord.com/invite/yiok Twitterzudo : https://x.com/_Yiok_ Tiktok : https://www.tiktok.com/@_yiok_ Instagramzudo : https://www.instagram.com/_yiok1/ #yiok #leagueoflegends #kassadin,"Yiok,Kassadin,top 1 kassadin do mundo,Yioklol,melhor kassadin do brasil,top 1 kassadin do brasil,leagueoflegends,yiok",20,Gaming,"Action-adventure_game,Action_game,Role-playing_video_game,Strategy_video_game,Video_game_culture",PT16M34S,994,2d,hd,FALSE,pt-PT,,https://i.ytimg.com/vi/12oibiOBoSI/maxresdefault.jpg,TRUE,FALSE,FALSE,4320,410,27,longo,não,feito
39,UC_GFcLxFl1WhIOpZTzf9FSg,Yiok,r8C57BD7aDc,https://www.youtube.com/watch?v=r8C57BD7aDc,2025-08-28T23:45:07Z,28/08/2025,YIOK SURTA AO VIVO DANDO COACH PARA UM VIEWER BRONZE IV!,Não se esqueça de deixar um Like e um Comentário no vídeozudo Discord da galera : https://discord.com/invite/yiok Twitterzudo : https://x.com/_Yiok_ Tiktok : https://www.tiktok.com/@_yiok_ Instagramzudo : https://www.instagram.com/_yiok1/ #yiok #leagueoflegends #kassadin,"Yiok,Kassadin,top 1 kassadin do mundo,Yioklol,melhor kassadin do brasil,top 1 kassadin do brasil,leagueoflegends,yiok",20,Gaming,"Action-adventure_game,Action_game,Role-playing_video_game,Strategy_video_game,Video_game_culture",PT24M15S,1455,2d,hd,FALSE,pt-PT,,https://i.ytimg.com/vi/r8C57BD7aDc/maxresdefault.jpg,TRUE,FALSE,FALSE,4311,467,42,longo,não,feito
40,UC_GFcLxFl1WhIOpZTzf9FSg,Yiok,ifSpvNYqE2g,https://www.youtube.com/watch?v=ifSpvNYqE2g,2025-08-27T00:15:07Z,27/08/2025,COMO O YIOK SE TORNOU O PLAYER MAIS ODIADO DO SERVIDOR !,Não se esqueça de deixar um Like e um Comentário no vídeozudo Discord da galera : https://discord.com/invite/yiok Twitterzudo : https://x.com/_Yiok_ Tiktok : https://www.tiktok.com/@_yiok_ Instagramzudo : https://www.instagram.com/_yiok1/ #yiok #leagueoflegends #kassadin,"Yiok,Kassadin,top 1 kassadin do mundo,Yioklol,melhor kassadin do brasil,top 1 kassadin do brasil,leagueoflegends,yiok",20,Gaming,"Action_game,Role-playing_video_game,Strategy_video_game,Video_game_culture",PT13M35S,815,2d,hd,FALSE,pt-PT,,https://i.ytimg.com/vi/ifSpvNYqE2g/maxresdefault.jpg,TRUE,FALSE,FALSE,5962,622,41,longo,não,feito
41,UC_GFcLxFl1WhIOpZTzf9FSg,Yiok,DierqZNnOHA,https://www.youtube.com/watch?v=DierqZNnOHA,2025-08-25T00:01:55Z,25/08/2025,FOI OU NÃO FOI? 🫢 #leagueoflegends #yiok #games,Não se esqueça de deixar um Like e um Comentário no vídeozudo Discord da galera : https://discord.com/invite/yiok Twitterzudo : https://x.com/_Yiok_ Tiktok : https://www.tiktok.com/@_yiok_ Instagramzudo : https://www.instagram.com/_yiok1/,"Yiok,Yioklol,top 1 kassadin do mundo,melhor kassadin do mundo",20,Gaming,"Action_game,Video_game_culture",PT2M4S,124,2d,hd,FALSE,pt-PT,,https://i.ytimg.com/vi/DierqZNnOHA/maxresdefault.jpg,TRUE,FALSE,FALSE,6457,550,25,longo,não,feito
42,UC_GFcLxFl1WhIOpZTzf9FSg,Yiok,8q5VFwutoGE,https://www.youtube.com/watch?v=8q5VFwutoGE,2025-08-24T00:05:28Z,24/08/2025,COMO JOGAR CONTRA O MAIOR COUNTER DO KASSADIN ! | Yiok,Não se esqueça de deixar um Like e um Comentário no vídeozudo Discord da galera : https://discord.com/invite/yiok Twitterzudo : https://x.com/_Yiok_ Tiktok : https://www.tiktok.com/@_yiok_ Instagramzudo : https://www.instagram.com/_yiok1/ #yiok #leagueoflegends #kassadin,"Yiok,Kassadin,top 1 kassadin do mundo,Yioklol,melhor kassadin do brasil,top 1 kassadin do brasil,leagueoflegends,yiok",20,Gaming,"Action_game,Role-playing_video_game,Strategy_video_game,Video_game_culture",PT13M,780,2d,hd,FALSE,pt-PT,,https://i.ytimg.com/vi/8q5VFwutoGE/maxresdefault.jpg,TRUE,FALSE,FALSE,7004,472,21,longo,não,feito
43,UC_GFcLxFl1WhIOpZTzf9FSg,Yiok,6hO01e5kvvQ,https://www.youtube.com/watch?v=6hO01e5kvvQ,2025-08-21T00:27:40Z,21/08/2025,PLAYZUDA NO LIMITE! 😎 #leagueoflegends #yiok #games,Não se esqueça de deixar um Like e um Comentário no vídeozudo Discord da galera : https://discord.com/invite/yiok Twitterzudo : https://x.com/_Yiok_ Tiktok : https://www.tiktok.com/@_yiok_ Instagramzudo : https://www.instagram.com/_yiok1/,"Yiok,Yioklol,top 1 kassadin do mundo,melhor kassadin do mundo",20,Gaming,"Action-adventure_game,Action_game,Role-playing_video_game,Strategy_video_game,Video_game_culture",PT23S,23,2d,hd,FALSE,pt-PT,,https://i.ytimg.com/vi/6hO01e5kvvQ/maxresdefault.jpg,TRUE,FALSE,FALSE,5301,190,3,short,não,feito